planesconsumo_id,servicios_id
0,2429
1,926
2,1836
3,776
4,2532
5,3027
6,3354
7,4059
8,3372
9,3748
10,4791
11,2106
12,119
13,695
14,4304
15,4892
16,2745
17,3628
18,3221
19,1675
20,4491
21,358
22,1221
23,4417
24,2517
25,2867
26,2142
27,1691
28,3380
29,2569
30,4750
31,1730
32,4986
33,1605
34,3371
35,2623
36,3577
37,4142
38,1333
39,4892
40,3046
41,4015
42,925
43,2483
44,3190
45,1752
46,130
47,1992
48,730
49,685
50,1286
51,1153
52,4578
53,2866
54,1215
55,4276
56,2440
57,4653
58,4463
59,303
60,1360
61,2708
62,3543
63,493
64,1983
65,4625
66,485
67,2363
68,2368
69,2918
70,4895
71,4309
72,627
73,1996
74,4432
75,3069
76,2507
77,3247
78,1753
79,1170
80,3234
81,3657
82,3012
83,1241
84,1196
85,2063
86,2463
87,4991
88,1305
89,1368
90,561
91,1689
92,2307
93,4801
94,1837
95,2339
96,2762
97,4663
98,2394
99,2772
100,1938
101,2571
102,2057
103,1413
104,4478
105,721
106,1021
107,2525
108,169
109,1253
110,476
111,768
112,3723
113,2926
114,4776
115,1784
116,3563
117,1526
118,138
119,2540
120,3129
121,3324
122,4396
123,2753
124,2942
125,4516
126,2961
127,244
128,1195
129,1519
130,4926
131,2290
132,3574
133,1848
134,4586
135,1765
136,4049
137,3700
138,4709
139,3403
140,2550
141,911
142,3657
143,4664
144,3166
145,2920
146,789
147,4326
148,299
149,4342
150,1803
151,71
152,3520
153,4436
154,1186
155,2150
156,1487
157,3051
158,4863
159,3975
160,4520
161,4559
162,60
163,2942
164,935
165,1263
166,3782
167,1398
168,3882
169,386
170,1429
171,1986
172,2335
173,1809
174,1691
175,2671
176,2891
177,4632
178,1526
179,1445
180,3666
181,2357
182,709
183,351
184,811
185,987
186,4230
187,2187
188,4724
189,4371
190,619
191,3448
192,1030
193,2829
194,609
195,4784
196,2396
197,3035
198,198
199,2852
200,82
201,1552
202,4374
203,516
204,2603
205,4885
206,4780
207,4798
208,2644
209,1682
210,2205
211,326
212,1525
213,1585
214,2309
215,1311
216,2536
217,1557
218,1165
219,3813
220,968
221,1081
222,3972
223,4814
224,3539
225,2575
226,2198
227,175
228,4991
229,3224
230,1087
231,661
232,3942
233,4726
234,1405
235,1373
236,2116
237,1544
238,4094
239,3714
240,3130
241,1961
242,4803
243,1271
244,1761
245,1665
246,1173
247,1127
248,3018
249,406
250,3771
251,140
252,1800
253,692
254,3680
255,2534
256,2553
257,377
258,947
259,4120
260,473
261,144
262,1910
263,3687
264,2912
265,3874
266,3852
267,1272
268,1901
269,1957
270,1631
271,3141
272,524
273,2765
274,979
275,297
276,1820
277,1304
278,3124
279,3633
280,2110
281,2141
282,4905
283,1440
284,1500
285,3712
286,2320
287,832
288,2005
289,2305
290,49
291,1306
292,4368
293,824
294,3360
295,511
296,4403
297,3193
298,235
299,2814
300,1268
301,2238
302,4858
303,523
304,1452
305,187
306,1024
307,3303
308,247
309,3759
310,2295
311,2127
312,3497
313,1202
314,3848
315,2412
316,1976
317,3477
318,1625
319,3944
320,1090
321,3633
322,3028
323,636
324,1539
325,4266
326,2044
327,575
328,2360
329,4176
330,3618
331,4990
332,2451
333,967
334,4004
335,1606
336,4544
337,3443
338,1270
339,491
340,934
341,1154
342,368
343,3698
344,1238
345,3931
346,3040
347,2810
348,4315
349,161
350,879
351,2915
352,1166
353,781
354,1408
355,4348
356,1008
357,786
358,591
359,452
360,2849
361,1947
362,2933
363,1638
364,2403
365,2123
366,1536
367,2804
368,2673
369,4855
370,323
371,464
372,4011
373,179
374,1252
375,3981
376,1744
377,1381
378,81
379,1047
380,2032
381,3801
382,1332
383,1486
384,2139
385,804
386,4695
387,2688
388,52
389,4187
390,3324
391,1886
392,1715
393,1973
394,798
395,3693
396,129
397,2856
398,45
399,1560
400,1526
401,1154
402,4628
403,1898
404,1340
405,3534
406,888
407,2601
408,3047
409,1649
410,689
411,4435
412,2694
413,753
414,3703
415,155
416,2928
417,531
418,2336
419,2937
420,1399
421,177
422,2631
423,2894
424,1547
425,2707
426,4848
427,4067
428,183
429,816
430,3179
431,1251
432,4501
433,2149
434,138
435,591
436,1111
437,3632
438,605
439,1416
440,2127
441,3722
442,4672
443,3927
444,1919
445,4911
446,765
447,4118
448,2841
449,3107
450,2329
451,1997
452,1378
453,113
454,2293
455,1685
456,82
457,3421
458,1804
459,4700
460,3206
461,991
462,1089
463,2370
464,4474
465,1215
466,4076
467,1463
468,4731
469,3434
470,4508
471,4738
472,328
473,1857
474,4540
475,2448
476,293
477,4745
478,3372
479,3269
480,972
481,61
482,412
483,3668
484,786
485,4960
486,2614
487,877
488,707
489,4711
490,2576
491,4412
492,3087
493,2887
494,1926
495,2097
496,3846
497,4654
498,3042
499,547
500,4217
501,2253
502,2506
503,969
504,2241
505,1228
506,4272
507,4271
508,4783
509,4267
510,3728
511,2936
512,4563
513,4582
514,2151
515,3715
516,101
517,1616
518,3243
519,352
520,3274
521,456
522,4607
523,865
524,1669
525,4583
526,3379
527,197
528,4494
529,127
530,3201
531,931
532,2295
533,3372
534,3104
535,2675
536,518
537,2991
538,4001
539,1081
540,4340
541,2791
542,4198
543,406
544,2931
545,1504
546,2550
547,3446
548,1789
549,1350
550,3644
551,4231
552,4942
553,1024
554,1716
555,3326
556,796
557,823
558,431
559,1981
560,1250
561,4167
562,2077
563,709
564,4582
565,1494
566,37
567,135
568,4399
569,4924
570,4512
571,1243
572,1821
573,3848
574,4832
575,2644
576,4295
577,553
578,4427
579,649
580,4117
581,3579
582,4471
583,4565
584,2237
585,4885
586,304
587,3261
588,14
589,3991
590,626
591,57
592,1812
593,3585
594,983
595,2858
596,4105
597,2502
598,2320
599,3138
600,784
601,958
602,555
603,3388
604,1971
605,1220
606,2186
607,1961
608,91
609,1037
610,346
611,4918
612,1712
613,3429
614,1313
615,4400
616,2008
617,782
618,1382
619,2204
620,4416
621,2394
622,977
623,1735
624,3714
625,4579
626,2290
627,3103
628,3686
629,2135
630,2119
631,291
632,221
633,1296
634,3057
635,1463
636,3325
637,997
638,4021
639,2825
640,2630
641,3088
642,1646
643,1372
644,3877
645,1934
646,1818
647,801
648,542
649,1202
650,2235
651,3348
652,3939
653,874
654,1361
655,2739
656,3784
657,221
658,3386
659,239
660,4222
661,1132
662,3467
663,2605
664,2863
665,329
666,3912
667,2117
668,1253
669,3131
670,4051
671,2486
672,3857
673,1810
674,1116
675,4222
676,4848
677,658
678,4170
679,2339
680,868
681,2063
682,4817
683,290
684,24
685,1143
686,4686
687,3122
688,859
689,36
690,3230
691,551
692,3934
693,4139
694,2729
695,3345
696,997
697,1760
698,3383
699,1069
700,2007
701,3648
702,4489
703,2686
704,1195
705,2825
706,1342
707,1984
708,53
709,2913
710,2739
711,706
712,3895
713,4980
714,4719
715,3611
716,1713
717,3308
718,1670
719,2739
720,4082
721,2901
722,1112
723,549
724,4531
725,1784
726,2779
727,989
728,678
729,2683
730,4183
731,3161
732,4014
733,4570
734,4678
735,4308
736,3838
737,4164
738,715
739,4148
740,4578
741,4731
742,2516
743,1832
744,7
745,3745
746,2634
747,4378
748,2865
749,3300
750,4887
751,2674
752,124
753,964
754,837
755,550
756,4028
757,4270
758,2951
759,1899
760,1998
761,3971
762,643
763,2031
764,2381
765,528
766,4569
767,4464
768,2034
769,2306
770,2347
771,2958
772,1126
773,3731
774,1603
775,4520
776,4895
777,4163
778,249
779,4502
780,4800
781,1475
782,3317
783,300
784,539
785,1787
786,1262
787,857
788,36
789,2096
790,4465
791,2605
792,4754
793,2270
794,4918
795,4050
796,4846
797,4607
798,3323
799,4708
800,1614
801,1695
802,1735
803,1330
804,3901
805,4263
806,2804
807,1042
808,899
809,2245
810,1727
811,2549
812,237
813,2345
814,2610
815,2787
816,4783
817,1269
818,3228
819,464
820,3168
821,1136
822,1475
823,3260
824,3273
825,4786
826,2158
827,1097
828,3318
829,4302
830,2128
831,498
832,155
833,2638
834,2407
835,4107
836,875
837,4673
838,4688
839,3968
840,931
841,4293
842,874
843,4791
844,445
845,668
846,3955
847,4618
848,176
849,1959
850,3519
851,2194
852,4230
853,3094
854,284
855,4956
856,1821
857,2647
858,137
859,2198
860,866
861,1399
862,588
863,726
864,3609
865,3031
866,1149
867,731
868,608
869,4664
870,1379
871,3438
872,4029
873,2076
874,77
875,2792
876,1883
877,463
878,4734
879,1796
880,4972
881,1531
882,3187
883,2943
884,760
885,485
886,4437
887,1106
888,4921
889,4622
890,1893
891,1404
892,2754
893,957
894,2207
895,3430
896,4377
897,1216
898,2051
899,4824
900,4309
901,73
902,1361
903,4880
904,797
905,3549
906,249
907,4975
908,4326
909,1117
910,1280
911,516
912,2719
913,2495
914,798
915,3242
916,2930
917,3065
918,3834
919,2443
920,115
921,1918
922,3962
923,4405
924,3499
925,4309
926,3068
927,2054
928,458
929,2533
930,3709
931,2977
932,3672
933,2883
934,2495
935,3064
936,94
937,3059
938,3038
939,3796
940,3100
941,826
942,160
943,4797
944,1492
945,1595
946,2451
947,2683
948,2358
949,3282
950,4394
951,4500
952,1977
953,4240
954,4804
955,520
956,3799
957,3569
958,477
959,620
960,1571
961,1063
962,3010
963,1425
964,4367
965,582
966,2561
967,736
968,4169
969,2565
970,388
971,1738
972,1069
973,4968
974,3956
975,2368
976,1499
977,2979
978,836
979,4443
980,580
981,4641
982,556
983,180
984,2877
985,4332
986,917
987,2085
988,1267
989,915
990,2450
991,1356
992,1017
993,4321
994,1779
995,3358
996,3325
997,4517
998,4997
999,4564
1000,3748
1001,3650
1002,639
1003,3575
1004,3757
1005,4754
1006,2099
1007,1716
1008,3050
1009,1083
1010,3771
1011,152
1012,3639
1013,3391
1014,39
1015,2957
1016,816
1017,424
1018,2188
1019,804
1020,2950
1021,3913
1022,2229
1023,2189
1024,1129
1025,4012
1026,1280
1027,4279
1028,1824
1029,149
1030,4803
1031,2913
1032,4153
1033,4617
1034,573
1035,3426
1036,2022
1037,2794
1038,4859
1039,3015
1040,2043
1041,4035
1042,3703
1043,3201
1044,4617
1045,3979
1046,640
1047,3414
1048,493
1049,2620
1050,3750
1051,1885
1052,528
1053,4504
1054,2441
1055,3004
1056,4750
1057,4455
1058,1999
1059,2015
1060,4546
1061,1015
1062,437
1063,3920
1064,1065
1065,1397
1066,4144
1067,1365
1068,1424
1069,4971
1070,1278
1071,2666
1072,2906
1073,876
1074,4362
1075,4357
1076,858
1077,4997
1078,3361
1079,2102
1080,3594
1081,1066
1082,333
1083,1184
1084,1678
1085,3692
1086,2123
1087,2340
1088,2878
1089,4289
1090,256
1091,4946
1092,3027
1093,3534
1094,158
1095,3209
1096,2878
1097,1463
1098,2026
1099,4478
1100,2369
1101,3435
1102,2526
1103,2708
1104,459
1105,4
1106,4112
1107,2503
1108,2451
1109,4686
1110,4977
1111,963
1112,2783
1113,209
1114,4680
1115,546
1116,2713
1117,250
1118,3286
1119,1637
1120,1835
1121,2361
1122,599
1123,4329
1124,2492
1125,42
1126,583
1127,1997
1128,4335
1129,4497
1130,3264
1131,971
1132,127
1133,1549
1134,4115
1135,1074
1136,215
1137,4136
1138,83
1139,468
1140,916
1141,329
1142,4963
1143,485
1144,117
1145,1413
1146,2464
1147,859
1148,587
1149,1753
1150,548
1151,2929
1152,863
1153,2670
1154,1057
1155,4875
1156,2723
1157,4857
1158,3807
1159,1899
1160,4996
1161,4887
1162,4992
1163,1396
1164,4638
1165,2050
1166,3716
1167,4757
1168,4397
1169,4551
1170,1139
1171,694
1172,1975
1173,3780
1174,4379
1175,4246
1176,165
1177,1181
1178,3339
1179,73
1180,4879
1181,174
1182,3848
1183,1727
1184,4802
1185,4643
1186,541
1187,3969
1188,2074
1189,1902
1190,767
1191,808
1192,3923
1193,4825
1194,4192
1195,1871
1196,1985
1197,3123
1198,1310
1199,3810
1200,4963
1201,1781
1202,2626
1203,3601
1204,3490
1205,2409
1206,3392
1207,3369
1208,4406
1209,3587
1210,3911
1211,2382
1212,4424
1213,4148
1214,2368
1215,4883
1216,975
1217,1502
1218,4233
1219,1376
1220,4427
1221,245
1222,279
1223,4924
1224,2505
1225,3941
1226,2755
1227,18
1228,3469
1229,2469
1230,1906
1231,3191
1232,3317
1233,1101
1234,2033
1235,2487
1236,2228
1237,1949
1238,1716
1239,3678
1240,3393
1241,2574
1242,820
1243,2943
1244,3653
1245,1714
1246,1689
1247,4278
1248,3459
1249,2403
1250,782
1251,41
1252,3627
1253,304
1254,4161
1255,4759
1256,220
1257,1123
1258,1044
1259,849
1260,3578
1261,3722
1262,2653
1263,3886
1264,117
1265,3051
1266,1048
1267,4996
1268,3966
1269,4525
1270,2867
1271,375
1272,4634
1273,3728
1274,589
1275,2590
1276,4807
1277,2145
1278,4863
1279,1233
1280,599
1281,60
1282,1204
1283,31
1284,666
1285,3946
1286,2885
1287,3643
1288,1852
1289,2873
1290,3578
1291,3710
1292,2693
1293,1132
1294,1363
1295,2932
1296,3675
1297,3536
1298,4710
1299,4142
1300,862
1301,4295
1302,4452
1303,2255
1304,1297
1305,3460
1306,3205
1307,2701
1308,117
1309,1138
1310,3086
1311,4704
1312,2049
1313,2153
1314,3700
1315,4924
1316,2123
1317,3956
1318,1947
1319,2679
1320,3287
1321,2809
1322,2412
1323,3959
1324,3828
1325,2073
1326,2943
1327,4990
1328,3372
1329,1819
1330,3986
1331,1960
1332,2828
1333,2927
1334,833
1335,2409
1336,2542
1337,470
1338,2998
1339,2474
1340,4114
1341,3775
1342,735
1343,2848
1344,2222
1345,773
1346,3040
1347,1737
1348,794
1349,261
1350,3758
1351,207
1352,106
1353,3913
1354,2221
1355,3133
1356,1369
1357,472
1358,564
1359,3806
1360,4113
1361,1709
1362,1416
1363,1480
1364,4475
1365,4559
1366,4355
1367,624
1368,2323
1369,4261
1370,3363
1371,2182
1372,2907
1373,3737
1374,4102
1375,2039
1376,4145
1377,519
1378,1909
1379,4425
1380,1457
1381,2942
1382,2787
1383,4456
1384,4095
1385,4191
1386,3716
1387,4202
1388,373
1389,4004
1390,2334
1391,711
1392,2041
1393,182
1394,3720
1395,3823
1396,2608
1397,2053
1398,3852
1399,3850
1400,2802
1401,693
1402,2707
1403,4479
1404,97
1405,1744
1406,2847
1407,4766
1408,3206
1409,4170
1410,1855
1411,4668
1412,2344
1413,4568
1414,2461
1415,2568
1416,3930
1417,951
1418,3862
1419,2307
1420,1741
1421,4128
1422,3882
1423,2473
1424,450
1425,3848
1426,1113
1427,4706
1428,493
1429,4443
1430,3943
1431,1767
1432,1075
1433,4295
1434,1912
1435,673
1436,3485
1437,143
1438,1490
1439,3745
1440,3325
1441,4188
1442,684
1443,245
1444,3160
1445,168
1446,4558
1447,2499
1448,2119
1449,2734
1450,609
1451,219
1452,3969
1453,2186
1454,3864
1455,3947
1456,1250
1457,347
1458,4362
1459,196
1460,2026
1461,3642
1462,1343
1463,1934
1464,2242
1465,2338
1466,3997
1467,4586
1468,3698
1469,1318
1470,2385
1471,2478
1472,111
1473,3185
1474,1133
1475,2022
1476,2461
1477,4665
1478,446
1479,804
1480,1169
1481,1305
1482,1126
1483,2985
1484,3956
1485,4691
1486,4137
1487,1067
1488,4672
1489,2
1490,4041
1491,1725
1492,3221
1493,1587
1494,4011
1495,371
1496,913
1497,1253
1498,1645
1499,130
1500,4864
1501,3101
1502,4874
1503,3541
1504,3703
1505,958
1506,1098
1507,3293
1508,3053
1509,318
1510,3616
1511,3955
1512,299
1513,423
1514,4176
1515,1245
1516,4592
1517,3804
1518,3397
1519,2975
1520,4852
1521,3572
1522,4321
1523,4575
1524,638
1525,3063
1526,3172
1527,483
1528,4441
1529,899
1530,1977
1531,1317
1532,2738
1533,2036
1534,1550
1535,3335
1536,4711
1537,3795
1538,1554
1539,1777
1540,3170
1541,615
1542,1920
1543,3265
1544,410
1545,2297
1546,2708
1547,576
1548,3249
1549,3319
1550,1163
1551,229
1552,4546
1553,4446
1554,1385
1555,3586
1556,1802
1557,2784
1558,1919
1559,3592
1560,3576
1561,3174
1562,4803
1563,4594
1564,197
1565,2209
1566,3380
1567,4199
1568,4241
1569,3279
1570,1482
1571,5000
1572,4174
1573,900
1574,2570
1575,4410
1576,3033
1577,362
1578,3841
1579,1095
1580,3524
1581,3060
1582,3467
1583,4649
1584,642
1585,4577
1586,4643
1587,4747
1588,1582
1589,1171
1590,2100
1591,1242
1592,294
1593,3772
1594,2973
1595,2525
1596,3684
1597,4114
1598,3055
1599,2436
1600,2665
1601,99
1602,473
1603,2073
1604,1519
1605,527
1606,2416
1607,4994
1608,501
1609,101
1610,3943
1611,1441
1612,560
1613,2418
1614,4579
1615,4344
1616,3606
1617,3375
1618,4589
1619,2278
1620,1091
1621,3328
1622,102
1623,4123
1624,697
1625,1563
1626,2453
1627,3838
1628,2235
1629,3003
1630,327
1631,3198
1632,1299
1633,1655
1634,4872
1635,4055
1636,535
1637,1014
1638,1889
1639,804
1640,2711
1641,494
1642,2040
1643,4183
1644,3475
1645,3052
1646,4223
1647,311
1648,2517
1649,448
1650,312
1651,1462
1652,1540
1653,1902
1654,4239
1655,322
1656,1778
1657,2856
1658,2145
1659,2308
1660,4616
1661,3496
1662,3187
1663,367
1664,4481
1665,2743
1666,4757
1667,82
1668,2306
1669,1292
1670,189
1671,4117
1672,4850
1673,3328
1674,3197
1675,2951
1676,1921
1677,2937
1678,1011
1679,1591
1680,4139
1681,1305
1682,1048
1683,2914
1684,2555
1685,145
1686,2286
1687,2815
1688,1014
1689,3554
1690,4087
1691,4480
1692,3657
1693,3663
1694,3731
1695,4231
1696,1194
1697,3880
1698,458
1699,589
1700,1026
1701,3012
1702,2210
1703,691
1704,3557
1705,2814
1706,3600
1707,3290
1708,1623
1709,3093
1710,4724
1711,1095
1712,2227
1713,1306
1714,4139
1715,723
1716,2254
1717,3504
1718,3407
1719,4129
1720,3110
1721,28
1722,235
1723,2057
1724,3275
1725,4695
1726,656
1727,2657
1728,2203
1729,2832
1730,2044
1731,1372
1732,1316
1733,770
1734,1360
1735,2879
1736,3250
1737,4274
1738,4310
1739,3389
1740,479
1741,986
1742,1204
1743,1631
1744,2953
1745,4792
1746,3942
1747,3986
1748,2684
1749,2858
1750,3739
1751,3443
1752,1884
1753,3442
1754,119
1755,1271
1756,2528
1757,4280
1758,4306
1759,2410
1760,3200
1761,703
1762,3321
1763,222
1764,1572
1765,3421
1766,2075
1767,1698
1768,1708
1769,557
1770,2591
1771,4287
1772,3519
1773,2486
1774,1047
1775,3670
1776,4070
1777,4231
1778,3087
1779,2826
1780,1579
1781,4686
1782,4644
1783,4934
1784,2489
1785,742
1786,4805
1787,4795
1788,4036
1789,3897
1790,1998
1791,4918
1792,3609
1793,3049
1794,2734
1795,4884
1796,3535
1797,4331
1798,3599
1799,1865
1800,2567
1801,3766
1802,208
1803,3436
1804,4168
1805,2101
1806,2913
1807,510
1808,460
1809,1339
1810,4582
1811,3019
1812,4209
1813,2622
1814,1063
1815,4563
1816,4896
1817,3520
1818,37
1819,2882
1820,1359
1821,3310
1822,4321
1823,2263
1824,905
1825,2334
1826,4779
1827,395
1828,2748
1829,1660
1830,4068
1831,4031
1832,4833
1833,389
1834,517
1835,2499
1836,1158
1837,1692
1838,3389
1839,4972
1840,259
1841,506
1842,1008
1843,2520
1844,2250
1845,2659
1846,73
1847,207
1848,2019
1849,857
1850,3143
1851,866
1852,3116
1853,4915
1854,1316
1855,845
1856,2470
1857,4047
1858,21
1859,1371
1860,1541
1861,1960
1862,3893
1863,1580
1864,3484
1865,1274
1866,258
1867,2862
1868,82
1869,2126
1870,2438
1871,1015
1872,3254
1873,1394
1874,1299
1875,993
1876,1641
1877,1621
1878,4002
1879,3126
1880,2546
1881,1447
1882,4537
1883,901
1884,4442
1885,181
1886,521
1887,853
1888,4459
1889,1582
1890,4957
1891,2902
1892,4103
1893,3260
1894,4919
1895,2742
1896,891
1897,4867
1898,981
1899,1862
1900,2647
1901,3363
1902,65
1903,1539
1904,1462
1905,567
1906,1813
1907,652
1908,931
1909,4049
1910,4612
1911,2314
1912,3409
1913,2145
1914,2596
1915,1861
1916,4943
1917,835
1918,4143
1919,2876
1920,1986
1921,1120
1922,2029
1923,3518
1924,839
1925,4256
1926,4257
1927,2956
1928,2855
1929,1715
1930,909
1931,3653
1932,4137
1933,330
1934,1287
1935,4904
1936,4132
1937,195
1938,469
1939,658
1940,4387
1941,4072
1942,2932
1943,4991
1944,3141
1945,2956
1946,3270
1947,2999
1948,2532
1949,3740
1950,2884
1951,3086
1952,4078
1953,4432
1954,2153
1955,931
1956,1918
1957,4878
1958,4625
1959,1166
1960,1795
1961,2112
1962,2905
1963,4973
1964,1724
1965,4092
1966,2081
1967,4037
1968,1195
1969,3102
1970,3701
1971,4324
1972,4644
1973,3323
1974,2447
1975,1701
1976,680
1977,2959
1978,3203
1979,405
1980,1594
1981,3422
1982,3546
1983,1076
1984,1228
1985,109
1986,2982
1987,3399
1988,1615
1989,385
1990,1372
1991,3364
1992,256
1993,2971
1994,2467
1995,4561
1996,2461
1997,4872
1998,749
1999,4855
2000,4979
2001,1684
2002,1498
2003,2741
2004,1667
2005,3702
2006,531
2007,4460
2008,4275
2009,137
2010,4638
2011,4599
2012,1472
2013,4057
2014,2529
2015,3601
2016,3149
2017,3097
2018,942
2019,2861
2020,135
2021,1398
2022,33
2023,2234
2024,13
2025,1539
2026,2516
2027,613
2028,3562
2029,2705
2030,2367
2031,2566
2032,4599
2033,2532
2034,2674
2035,1640
2036,2469
2037,856
2038,130
2039,1838
2040,1050
2041,4947
2042,3848
2043,2241
2044,2358
2045,3665
2046,2265
2047,1967
2048,2968
2049,81
2050,1094
2051,2161
2052,4429
2053,2714
2054,3195
2055,3852
2056,4825
2057,97
2058,2874
2059,4873
2060,2145
2061,790
2062,3797
2063,2245
2064,4818
2065,4018
2066,1576
2067,591
2068,2874
2069,1819
2070,2205
2071,695
2072,1324
2073,2906
2074,3422
2075,2424
2076,81
2077,2970
2078,4368
2079,1429
2080,4523
2081,345
2082,4337
2083,4954
2084,1737
2085,292
2086,1642
2087,9
2088,702
2089,4073
2090,1131
2091,2674
2092,3785
2093,44
2094,776
2095,3621
2096,1125
2097,3271
2098,1044
2099,1073
2100,1054
2101,1231
2102,2153
2103,2569
2104,3889
2105,2156
2106,2996
2107,2180
2108,3573
2109,4608
2110,138
2111,100
2112,1203
2113,4183
2114,206
2115,2275
2116,1964
2117,2166
2118,4930
2119,3560
2120,1001
2121,2107
2122,3538
2123,1772
2124,3374
2125,4737
2126,2006
2127,1438
2128,4395
2129,1901
2130,2273
2131,4232
2132,1800
2133,1152
2134,4566
2135,1114
2136,573
2137,4607
2138,1724
2139,4978
2140,4510
2141,2081
2142,1763
2143,2666
2144,1484
2145,2101
2146,2133
2147,4098
2148,3235
2149,611
2150,3050
2151,3962
2152,1206
2153,4042
2154,71
2155,1163
2156,1605
2157,2032
2158,1778
2159,335
2160,3130
2161,1179
2162,1954
2163,1487
2164,3139
2165,34
2166,3696
2167,1746
2168,562
2169,4665
2170,484
2171,3805
2172,3279
2173,800
2174,1072
2175,2092
2176,2967
2177,4116
2178,1381
2179,33
2180,1871
2181,1628
2182,2934
2183,2478
2184,2848
2185,2310
2186,616
2187,4186
2188,100
2189,724
2190,702
2191,343
2192,1759
2193,2663
2194,2665
2195,2367
2196,4952
2197,1549
2198,614
2199,3647
2200,61
2201,4622
2202,2875
2203,1165
2204,4729
2205,2682
2206,4714
2207,4549
2208,888
2209,2280
2210,575
2211,4564
2212,3339
2213,4829
2214,549
2215,2157
2216,173
2217,2802
2218,602
2219,4000
2220,487
2221,3144
2222,4886
2223,91
2224,4169
2225,2105
2226,4046
2227,1474
2228,3353
2229,3735
2230,1003
2231,2202
2232,1713
2233,1476
2234,942
2235,4216
2236,850
2237,3534
2238,3137
2239,4461
2240,1479
2241,4926
2242,3659
2243,3262
2244,2173
2245,67
2246,4197
2247,1943
2248,3625
2249,2256
2250,523
2251,1565
2252,2154
2253,90
2254,1047
2255,2941
2256,3397
2257,4970
2258,2128
2259,1410
2260,3944
2261,1450
2262,681
2263,3223
2264,36
2265,184
2266,3968
2267,4979
2268,441
2269,1099
2270,3986
2271,3514
2272,759
2273,3343
2274,2693
2275,426
2276,218
2277,2096
2278,4570
2279,2115
2280,1734
2281,3529
2282,3237
2283,331
2284,293
2285,1643
2286,1605
2287,4486
2288,1203
2289,4008
2290,1176
2291,3597
2292,4510
2293,4707
2294,2409
2295,2835
2296,159
2297,3451
2298,2177
2299,2189
2300,1673
2301,4877
2302,1127
2303,1434
2304,1790
2305,2665
2306,2344
2307,1689
2308,3367
2309,4371
2310,2697
2311,327
2312,2174
2313,677
2314,2741
2315,3962
2316,3650
2317,2225
2318,896
2319,3641
2320,4146
2321,2768
2322,2082
2323,2237
2324,4281
2325,4194
2326,1512
2327,3951
2328,1326
2329,3732
2330,1027
2331,1592
2332,3696
2333,4398
2334,4415
2335,4429
2336,4616
2337,1890
2338,1000
2339,2477
2340,85
2341,3983
2342,3770
2343,1993
2344,4686
2345,3029
2346,3059
2347,4752
2348,4528
2349,4828
2350,1908
2351,3040
2352,4501
2353,3318
2354,2684
2355,3859
2356,2475
2357,3944
2358,2009
2359,4708
2360,4969
2361,4038
2362,3831
2363,4992
2364,4889
2365,814
2366,3482
2367,2812
2368,4675
2369,394
2370,3760
2371,1761
2372,3277
2373,754
2374,3842
2375,3294
2376,1620
2377,2444
2378,2537
2379,3845
2380,1168
2381,64
2382,659
2383,1612
2384,787
2385,1291
2386,1898
2387,2609
2388,2086
2389,3274
2390,3548
2391,4892
2392,2937
2393,4908
2394,2357
2395,4023
2396,609
2397,4374
2398,564
2399,1769
2400,2946
2401,3293
2402,3255
2403,968
2404,4831
2405,457
2406,2811
2407,729
2408,1073
2409,2318
2410,2167
2411,1199
2412,692
2413,2360
2414,1795
2415,582
2416,2844
2417,1744
2418,2985
2419,4317
2420,4739
2421,3372
2422,4687
2423,16
2424,2155
2425,4557
2426,4375
2427,840
2428,2784
2429,509
2430,1268
2431,3826
2432,1367
2433,1077
2434,3032
2435,2354
2436,957
2437,4829
2438,399
2439,850
2440,2868
2441,625
2442,1290
2443,97
2444,1140
2445,670
2446,1509
2447,3024
2448,2650
2449,4476
2450,3239
2451,3394
2452,2879
2453,4928
2454,1841
2455,4929
2456,1882
2457,3550
2458,1892
2459,2743
2460,2720
2461,2876
2462,2684
2463,155
2464,1914
2465,862
2466,145
2467,2317
2468,3886
2469,4497
2470,652
2471,2881
2472,365
2473,1682
2474,3192
2475,1479
2476,308
2477,4961
2478,1415
2479,2313
2480,4784
2481,758
2482,4984
2483,1934
2484,3722
2485,4287
2486,3247
2487,2163
2488,2024
2489,991
2490,3435
2491,3637
2492,3502
2493,2588
2494,3754
2495,183
2496,1888
2497,2835
2498,3197
2499,1472
2500,1323
2501,313
2502,479
2503,2397
2504,3071
2505,4409
2506,4241
2507,3600
2508,279
2509,3451
2510,3152
2511,1235
2512,2817
2513,4144
2514,1135
2515,3374
2516,4062
2517,394
2518,3658
2519,3640
2520,4780
2521,2002
2522,2587
2523,3796
2524,3650
2525,1321
2526,3060
2527,1067
2528,677
2529,3555
2530,4217
2531,2863
2532,3443
2533,1288
2534,2647
2535,1446
2536,2835
2537,2518
2538,2041
2539,2417
2540,3292
2541,1663
2542,4661
2543,499
2544,2849
2545,1897
2546,4534
2547,1889
2548,4804
2549,4700
2550,3041
2551,456
2552,3998
2553,615
2554,3792
2555,4163
2556,2425
2557,1547
2558,1381
2559,4496
2560,4252
2561,2898
2562,1256
2563,2503
2564,2538
2565,1383
2566,2392
2567,3065
2568,1168
2569,4700
2570,3645
2571,1296
2572,189
2573,2790
2574,2004
2575,1701
2576,1204
2577,349
2578,1752
2579,1723
2580,3233
2581,2798
2582,394
2583,963
2584,905
2585,40
2586,4970
2587,2868
2588,3266
2589,2164
2590,3718
2591,1732
2592,4495
2593,3898
2594,1570
2595,4278
2596,4414
2597,1944
2598,1348
2599,3986
2600,38
2601,978
2602,4517
2603,4224
2604,468
2605,2937
2606,664
2607,4721
2608,3045
2609,671
2610,102
2611,2341
2612,2624
2613,2499
2614,2601
2615,1458
2616,2233
2617,3274
2618,3277
2619,3398
2620,1613
2621,1135
2622,874
2623,4926
2624,2189
2625,1263
2626,1829
2627,2407
2628,4571
2629,4002
2630,719
2631,923
2632,3494
2633,904
2634,4828
2635,1417
2636,1962
2637,899
2638,2606
2639,549
2640,536
2641,1145
2642,3842
2643,27
2644,708
2645,4367
2646,3449
2647,2352
2648,4732
2649,3496
2650,1686
2651,308
2652,2626
2653,2811
2654,3502
2655,3416
2656,1804
2657,913
2658,1719
2659,4525
2660,4657
2661,3601
2662,1841
2663,1948
2664,1349
2665,692
2666,4758
2667,3943
2668,482
2669,513
2670,2528
2671,2052
2672,1652
2673,444
2674,2113
2675,409
2676,1454
2677,438
2678,2152
2679,4376
2680,789
2681,3696
2682,4073
2683,2349
2684,4544
2685,3687
2686,940
2687,3486
2688,406
2689,1970
2690,4670
2691,4021
2692,2665
2693,709
2694,2430
2695,4870
2696,2680
2697,3569
2698,1987
2699,336
2700,543
2701,3421
2702,4193
2703,814
2704,4454
2705,3110
2706,2286
2707,1134
2708,4061
2709,4757
2710,766
2711,2726
2712,3050
2713,5000
2714,2438
2715,2785
2716,4003
2717,1103
2718,2955
2719,3768
2720,472
2721,1502
2722,4371
2723,921
2724,1568
2725,564
2726,1516
2727,4566
2728,391
2729,1826
2730,4550
2731,4225
2732,4679
2733,3108
2734,4020
2735,1644
2736,3469
2737,43
2738,4354
2739,2580
2740,494
2741,2757
2742,1476
2743,3566
2744,3803
2745,4498
2746,76
2747,457
2748,3557
2749,1276
2750,853
2751,591
2752,3166
2753,2726
2754,4326
2755,3422
2756,3470
2757,3845
2758,4680
2759,1166
2760,167
2761,3113
2762,1297
2763,1396
2764,2886
2765,738
2766,3703
2767,2251
2768,2639
2769,4469
2770,3807
2771,2918
2772,1582
2773,2236
2774,3522
2775,1744
2776,4814
2777,4194
2778,1615
2779,454
2780,2732
2781,2606
2782,3300
2783,2693
2784,1241
2785,3544
2786,4138
2787,1040
2788,1206
2789,2327
2790,4826
2791,1013
2792,1583
2793,3689
2794,1331
2795,2423
2796,4682
2797,200
2798,4058
2799,4479
2800,2125
2801,1888
2802,4443
2803,2768
2804,4020
2805,1201
2806,4616
2807,2064
2808,2941
2809,4187
2810,3078
2811,1832
2812,51
2813,1091
2814,2135
2815,674
2816,1734
2817,192
2818,1791
2819,544
2820,2899
2821,3499
2822,3830
2823,927
2824,2270
2825,4590
2826,492
2827,2880
2828,3574
2829,4247
2830,3545
2831,174
2832,735
2833,1485
2834,100
2835,4408
2836,4529
2837,4030
2838,3325
2839,4446
2840,2354
2841,719
2842,3550
2843,2940
2844,446
2845,2229
2846,1004
2847,2835
2848,2135
2849,4908
2850,3150
2851,852
2852,4734
2853,2908
2854,2163
2855,112
2856,2137
2857,1918
2858,2600
2859,4699
2860,50
2861,3537
2862,4310
2863,3098
2864,1586
2865,2128
2866,1094
2867,4084
2868,3171
2869,1211
2870,860
2871,247
2872,1815
2873,612
2874,730
2875,589
2876,1594
2877,4295
2878,4302
2879,851
2880,4205
2881,1262
2882,2799
2883,4249
2884,204
2885,332
2886,2726
2887,2528
2888,3732
2889,749
2890,1891
2891,1309
2892,2110
2893,1592
2894,3170
2895,1853
2896,6
2897,3791
2898,1240
2899,2959
2900,1118
2901,4605
2902,444
2903,2424
2904,895
2905,4360
2906,1210
2907,3070
2908,3178
2909,3133
2910,4741
2911,2315
2912,4166
2913,341
2914,4486
2915,709
2916,1296
2917,636
2918,4280
2919,3631
2920,819
2921,2040
2922,1775
2923,3480
2924,1400
2925,4596
2926,3678
2927,1545
2928,3722
2929,398
2930,4217
2931,2655
2932,4194
2933,2185
2934,2220
2935,987
2936,484
2937,3008
2938,3238
2939,3686
2940,499
2941,1645
2942,1487
2943,788
2944,2735
2945,549
2946,2055
2947,969
2948,1458
2949,812
2950,2517
2951,2472
2952,3876
2953,599
2954,2725
2955,1175
2956,2304
2957,2557
2958,1085
2959,739
2960,3403
2961,2481
2962,2781
2963,2065
2964,4232
2965,1298
2966,1524
2967,2537
2968,1949
2969,1851
2970,4582
2971,4500
2972,2096
2973,4177
2974,1559
2975,3388
2976,4390
2977,3600
2978,1324
2979,1785
2980,1144
2981,1978
2982,3495
2983,3060
2984,1723
2985,2443
2986,4294
2987,4914
2988,1063
2989,213
2990,1530
2991,3168
2992,1713
2993,810
2994,4789
2995,4516
2996,1172
2997,3016
2998,1637
2999,434
3000,3432
3001,734
3002,4981
3003,1824
3004,832
3005,1509
3006,3023
3007,3163
3008,896
3009,4410
3010,213
3011,4151
3012,2573
3013,2679
3014,763
3015,2622
3016,731
3017,236
3018,952
3019,814
3020,3061
3021,3507
3022,1804
3023,2335
3024,3542
3025,3552
3026,4521
3027,3631
3028,1549
3029,4201
3030,2503
3031,2262
3032,4037
3033,4986
3034,4468
3035,3905
3036,1182
3037,3515
3038,1811
3039,3150
3040,3656
3041,2183
3042,1725
3043,634
3044,3606
3045,3323
3046,1007
3047,1348
3048,1846
3049,2423
3050,1992
3051,1800
3052,1194
3053,2018
3054,3147
3055,2922
3056,3651
3057,4119
3058,3935
3059,2741
3060,1021
3061,1871
3062,1562
3063,3589
3064,3504
3065,503
3066,2310
3067,3551
3068,1426
3069,1625
3070,4070
3071,1661
3072,2374
3073,3921
3074,1174
3075,665
3076,2204
3077,1909
3078,1611
3079,2262
3080,4937
3081,3297
3082,1104
3083,4771
3084,3630
3085,1925
3086,970
3087,784
3088,100
3089,1302
3090,850
3091,1891
3092,1546
3093,2205
3094,3853
3095,1365
3096,1275
3097,2235
3098,1535
3099,865
3100,3258
3101,2956
3102,65
3103,507
3104,408
3105,1520
3106,4210
3107,3995
3108,635
3109,568
3110,2945
3111,4732
3112,2236
3113,3989
3114,1016
3115,1565
3116,209
3117,2334
3118,2262
3119,1815
3120,974
3121,926
3122,1262
3123,391
3124,3262
3125,3546
3126,3913
3127,2420
3128,4925
3129,287
3130,416
3131,821
3132,3753
3133,457
3134,4444
3135,2466
3136,955
3137,931
3138,301
3139,585
3140,4973
3141,2734
3142,4497
3143,843
3144,2944
3145,1851
3146,3646
3147,4071
3148,1328
3149,3334
3150,4022
3151,1850
3152,3601
3153,4078
3154,3497
3155,717
3156,2157
3157,2909
3158,485
3159,2877
3160,539
3161,1775
3162,4822
3163,2070
3164,1838
3165,2997
3166,158
3167,4988
3168,296
3169,1341
3170,4651
3171,1623
3172,3677
3173,4323
3174,3661
3175,2979
3176,1565
3177,3736
3178,842
3179,4345
3180,2367
3181,2960
3182,741
3183,1504
3184,1702
3185,925
3186,4684
3187,3521
3188,1321
3189,3071
3190,2413
3191,2341
3192,2298
3193,761
3194,2225
3195,2290
3196,3362
3197,2493
3198,3885
3199,2231
3200,4309
3201,982
3202,4662
3203,1677
3204,1934
3205,2262
3206,211
3207,4626
3208,3627
3209,4991
3210,3199
3211,510
3212,2159
3213,1414
3214,1556
3215,4001
3216,943
3217,4513
3218,4639
3219,4439
3220,2314
3221,4905
3222,2609
3223,2701
3224,602
3225,1989
3226,471
3227,1408
3228,776
3229,4484
3230,1273
3231,2523
3232,992
3233,246
3234,4011
3235,4982
3236,1101
3237,2916
3238,1668
3239,4227
3240,418
3241,4017
3242,2862
3243,3104
3244,1356
3245,2555
3246,725
3247,2600
3248,3571
3249,4014
3250,2149
3251,1183
3252,3264
3253,3889
3254,2198
3255,607
3256,4398
3257,3440
3258,4290
3259,1677
3260,230
3261,3304
3262,3589
3263,1316
3264,1163
3265,663
3266,3432
3267,4174
3268,2715
3269,3231
3270,280
3271,3684
3272,2605
3273,976
3274,2051
3275,3040
3276,800
3277,2423
3278,2614
3279,2760
3280,2390
3281,4873
3282,4425
3283,1104
3284,741
3285,155
3286,4646
3287,4842
3288,705
3289,858
3290,1020
3291,1185
3292,3792
3293,1440
3294,3399
3295,678
3296,1759
3297,3459
3298,354
3299,2895
3300,2567
3301,601
3302,4655
3303,2255
3304,664
3305,2206
3306,4792
3307,1219
3308,1508
3309,972
3310,3398
3311,1102
3312,1446
3313,4699
3314,3173
3315,2456
3316,4686
3317,83
3318,4835
3319,4868
3320,3783
3321,942
3322,3398
3323,1827
3324,2444
3325,1248
3326,4731
3327,2505
3328,2636
3329,4357
3330,2999
3331,807
3332,4669
3333,1552
3334,801
3335,3857
3336,3654
3337,599
3338,2001
3339,1939
3340,3297
3341,3560
3342,4600
3343,544
3344,4561
3345,4282
3346,1622
3347,2109
3348,4813
3349,73
3350,773
3351,3432
3352,1450
3353,2256
3354,4577
3355,821
3356,2777
3357,4877
3358,162
3359,2857
3360,3538
3361,480
3362,1610
3363,463
3364,2137
3365,3906
3366,1478
3367,3683
3368,4545
3369,716
3370,3678
3371,1442
3372,3213
3373,2837
3374,3212
3375,2716
3376,4031
3377,61
3378,3733
3379,3239
3380,310
3381,2994
3382,4746
3383,3035
3384,64
3385,1458
3386,912
3387,2785
3388,4194
3389,90
3390,2940
3391,1852
3392,2202
3393,3461
3394,465
3395,629
3396,744
3397,2525
3398,199
3399,3931
3400,3705
3401,1490
3402,4253
3403,4815
3404,3548
3405,3454
3406,167
3407,756
3408,257
3409,3964
3410,2644
3411,4907
3412,2788
3413,3480
3414,168
3415,666
3416,608
3417,2054
3418,4307
3419,4187
3420,4046
3421,4595
3422,3906
3423,2467
3424,1217
3425,27
3426,4289
3427,2302
3428,916
3429,2443
3430,2523
3431,4482
3432,4341
3433,2584
3434,319
3435,3255
3436,778
3437,3266
3438,2893
3439,2303
3440,4038
3441,4082
3442,1603
3443,550
3444,397
3445,2656
3446,3315
3447,3665
3448,3761
3449,41
3450,1736
3451,3403
3452,2417
3453,1452
3454,2877
3455,2464
3456,3663
3457,3659
3458,4135
3459,2709
3460,4217
3461,2543
3462,482
3463,3917
3464,2240
3465,2322
3466,4836
3467,1914
3468,4737
3469,2708
3470,1369
3471,3326
3472,1152
3473,4243
3474,4157
3475,3634
3476,3780
3477,446
3478,3443
3479,1153
3480,144
3481,4937
3482,4941
3483,2874
3484,3322
3485,1243
3486,2871
3487,2747
3488,2834
3489,4255
3490,4071
3491,2488
3492,1159
3493,2178
3494,3037
3495,3333
3496,153
3497,3084
3498,1850
3499,1939
3500,3193
3501,4525
3502,3542
3503,875
3504,2255
3505,249
3506,2781
3507,4389
3508,1397
3509,1268
3510,348
3511,4670
3512,4618
3513,4849
3514,4264
3515,4144
3516,2732
3517,4863
3518,2941
3519,962
3520,3124
3521,3976
3522,4658
3523,1541
3524,636
3525,1495
3526,323
3527,4588
3528,566
3529,1759
3530,2727
3531,999
3532,637
3533,3517
3534,1393
3535,940
3536,2678
3537,2039
3538,1774
3539,3297
3540,2593
3541,2032
3542,1409
3543,4393
3544,4404
3545,1584
3546,3790
3547,2867
3548,4606
3549,4892
3550,4848
3551,2717
3552,2742
3553,484
3554,4483
3555,1851
3556,181
3557,4658
3558,3294
3559,2877
3560,1515
3561,1207
3562,1832
3563,454
3564,2433
3565,2792
3566,451
3567,3540
3568,1516
3569,2155
3570,522
3571,597
3572,4660
3573,194
3574,2159
3575,3071
3576,2336
3577,2158
3578,2492
3579,2171
3580,1332
3581,750
3582,47
3583,678
3584,2335
3585,3450
3586,1636
3587,4172
3588,1140
3589,2672
3590,4588
3591,1394
3592,2180
3593,1790
3594,595
3595,1031
3596,87
3597,4971
3598,2121
3599,1516
3600,2636
3601,2393
3602,699
3603,1750
3604,269
3605,998
3606,3616
3607,2247
3608,746
3609,3838
3610,4923
3611,3257
3612,2364
3613,1575
3614,697
3615,4047
3616,4235
3617,2224
3618,2646
3619,276
3620,4614
3621,3442
3622,4788
3623,4330
3624,4472
3625,3254
3626,4303
3627,4228
3628,3148
3629,4034
3630,3403
3631,1520
3632,1186
3633,1297
3634,4261
3635,3707
3636,982
3637,3740
3638,2245
3639,1624
3640,2663
3641,3482
3642,1742
3643,148
3644,1978
3645,1109
3646,2533
3647,4159
3648,4849
3649,3366
3650,4156
3651,4775
3652,224
3653,2364
3654,4989
3655,3154
3656,183
3657,311
3658,3357
3659,3800
3660,1219
3661,3004
3662,3366
3663,575
3664,808
3665,2775
3666,1531
3667,1527
3668,1916
3669,1339
3670,4621
3671,4357
3672,1295
3673,3162
3674,2382
3675,768
3676,451
3677,3414
3678,2891
3679,4429
3680,1454
3681,1741
3682,3540
3683,1033
3684,4113
3685,3735
3686,3104
3687,4538
3688,1301
3689,590
3690,2830
3691,418
3692,1815
3693,21
3694,1030
3695,3945
3696,3653
3697,3921
3698,4079
3699,774
3700,4030
3701,3216
3702,3162
3703,4469
3704,4669
3705,1442
3706,4053
3707,4371
3708,4158
3709,432
3710,3452
3711,1390
3712,3453
3713,2451
3714,139
3715,4442
3716,3596
3717,4503
3718,1913
3719,2893
3720,634
3721,2740
3722,2272
3723,664
3724,4626
3725,4886
3726,3149
3727,4863
3728,4436
3729,8
3730,1342
3731,240
3732,3101
3733,4315
3734,2790
3735,1393
3736,2667
3737,530
3738,2003
3739,847
3740,251
3741,3900
3742,4235
3743,3954
3744,2584
3745,2301
3746,1028
3747,703
3748,1151
3749,3597
3750,3263
3751,2768
3752,3990
3753,989
3754,4411
3755,1369
3756,2196
3757,103
3758,4904
3759,4272
3760,2961
3761,2305
3762,7
3763,4148
3764,1481
3765,1220
3766,2693
3767,2567
3768,532
3769,1849
3770,4879
3771,121
3772,836
3773,959
3774,1369
3775,2362
3776,4669
3777,2056
3778,4911
3779,856
3780,780
3781,566
3782,1854
3783,4717
3784,4526
3785,833
3786,793
3787,4969
3788,2582
3789,568
3790,4308
3791,886
3792,4879
3793,1634
3794,260
3795,3073
3796,1859
3797,1454
3798,2403
3799,1001
3800,4308
3801,1914
3802,3578
3803,4562
3804,4561
3805,1374
3806,2960
3807,1343
3808,1466
3809,3932
3810,3680
3811,3925
3812,852
3813,284
3814,919
3815,4249
3816,2656
3817,4241
3818,432
3819,2062
3820,4791
3821,4441
3822,2399
3823,760
3824,233
3825,2987
3826,4529
3827,441
3828,1458
3829,4961
3830,3881
3831,1718
3832,988
3833,3287
3834,1651
3835,2487
3836,3039
3837,2276
3838,4384
3839,408
3840,3633
3841,2810
3842,3484
3843,1305
3844,2070
3845,1194
3846,1008
3847,4913
3848,3025
3849,2306
3850,2427
3851,303
3852,4215
3853,3216
3854,897
3855,885
3856,277
3857,4815
3858,2761
3859,4418
3860,2342
3861,899
3862,1482
3863,2807
3864,4092
3865,3494
3866,1625
3867,4185
3868,4944
3869,1903
3870,2931
3871,213
3872,2897
3873,1398
3874,3555
3875,3174
3876,111
3877,1622
3878,430
3879,4347
3880,4202
3881,324
3882,1066
3883,1939
3884,3541
3885,3640
3886,2354
3887,4460
3888,92
3889,1548
3890,346
3891,13
3892,2686
3893,1982
3894,4683
3895,3476
3896,3160
3897,3125
3898,4781
3899,1334
3900,4257
3901,674
3902,4066
3903,1191
3904,4098
3905,3402
3906,1453
3907,2293
3908,1190
3909,3278
3910,4759
3911,4359
3912,3922
3913,4985
3914,3420
3915,1970
3916,4615
3917,2179
3918,3179
3919,4111
3920,3862
3921,668
3922,52
3923,4843
3924,574
3925,1967
3926,1511
3927,2608
3928,3395
3929,915
3930,1611
3931,3436
3932,835
3933,2039
3934,3146
3935,1970
3936,4908
3937,4103
3938,1440
3939,837
3940,1729
3941,2130
3942,1806
3943,3666
3944,2799
3945,3343
3946,2873
3947,3174
3948,1449
3949,4544
3950,565
3951,4551
3952,191
3953,1549
3954,1240
3955,1461
3956,4012
3957,3342
3958,2498
3959,3964
3960,538
3961,1365
3962,332
3963,4924
3964,4026
3965,2058
3966,1165
3967,2651
3968,256
3969,3974
3970,2794
3971,3381
3972,4439
3973,4254
3974,3088
3975,878
3976,4536
3977,949
3978,504
3979,1389
3980,2687
3981,1949
3982,3683
3983,1678
3984,4581
3985,4583
3986,1996
3987,53
3988,3728
3989,2099
3990,477
3991,4960
3992,2142
3993,3256
3994,830
3995,4634
3996,3496
3997,4311
3998,4454
3999,4535
4000,3657
4001,2798
4002,3182
4003,4631
4004,3894
4005,2716
4006,1247
4007,973
4008,129
4009,4417
4010,838
4011,4894
4012,4295
4013,4308
4014,1340
4015,4341
4016,1128
4017,3854
4018,3410
4019,4507
4020,3780
4021,1798
4022,1965
4023,4335
4024,682
4025,1493
4026,4376
4027,4232
4028,3970
4029,1118
4030,1542
4031,2920
4032,1482
4033,393
4034,2034
4035,2176
4036,2778
4037,4969
4038,3224
4039,504
4040,3268
4041,4040
4042,1733
4043,3636
4044,3444
4045,1857
4046,4267
4047,1252
4048,890
4049,1059
4050,4525
4051,3239
4052,2099
4053,3337
4054,4132
4055,2596
4056,3221
4057,3093
4058,1465
4059,1281
4060,386
4061,2481
4062,2539
4063,1025
4064,1049
4065,2885
4066,3991
4067,2343
4068,2585
4069,4440
4070,51
4071,4236
4072,4832
4073,807
4074,1397
4075,3407
4076,2470
4077,413
4078,2190
4079,4328
4080,4063
4081,1668
4082,3742
4083,4823
4084,3534
4085,3414
4086,2233
4087,4252
4088,4160
4089,2189
4090,3340
4091,4033
4092,3432
4093,44
4094,4014
4095,2232
4096,1132
4097,3847
4098,4233
4099,2476
4100,920
4101,1218
4102,3571
4103,3195
4104,1308
4105,1736
4106,2419
4107,3243
4108,2109
4109,1885
4110,4327
4111,2566
4112,3222
4113,3329
4114,612
4115,4847
4116,2506
4117,905
4118,4004
4119,258
4120,1153
4121,1153
4122,3261
4123,4841
4124,2142
4125,1681
4126,2605
4127,3133
4128,3885
4129,1924
4130,3430
4131,1143
4132,3053
4133,1004
4134,2496
4135,4672
4136,1816
4137,2237
4138,4127
4139,1956
4140,1648
4141,2635
4142,2267
4143,2590
4144,1512
4145,1148
4146,1167
4147,3928
4148,719
4149,3725
4150,1896
4151,111
4152,3452
4153,2749
4154,639
4155,3373
4156,1970
4157,869
4158,4809
4159,2965
4160,1985
4161,3177
4162,1569
4163,4057
4164,1787
4165,2587
4166,1277
4167,4032
4168,3574
4169,3873
4170,2461
4171,1094
4172,579
4173,4060
4174,3722
4175,260
4176,795
4177,560
4178,1337
4179,3820
4180,3410
4181,1500
4182,4319
4183,3760
4184,1751
4185,2412
4186,1943
4187,4473
4188,1898
4189,4700
4190,4640
4191,727
4192,1661
4193,1835
4194,3388
4195,532
4196,4696
4197,1032
4198,1171
4199,674
4200,67
4201,2537
4202,226
4203,3115
4204,4185
4205,4984
4206,3127
4207,1180
4208,2421
4209,4647
4210,3530
4211,320
4212,2327
4213,593
4214,2909
4215,1250
4216,3445
4217,1449
4218,3449
4219,3886
4220,1708
4221,4074
4222,990
4223,4619
4224,2652
4225,4409
4226,1475
4227,2991
4228,3665
4229,1382
4230,4955
4231,2914
4232,1568
4233,2433
4234,1131
4235,3412
4236,497
4237,2892
4238,356
4239,535
4240,1721
4241,1127
4242,4105
4243,1031
4244,771
4245,3620
4246,150
4247,3907
4248,1947
4249,4479
4250,81
4251,941
4252,470
4253,30
4254,1716
4255,4281
4256,2734
4257,3448
4258,2924
4259,4753
4260,1304
4261,4984
4262,1845
4263,4670
4264,1278
4265,3245
4266,1438
4267,1234
4268,1235
4269,3523
4270,4540
4271,1972
4272,4635
4273,547
4274,4257
4275,4905
4276,1061
4277,797
4278,172
4279,1530
4280,2053
4281,2400
4282,218
4283,2061
4284,4509
4285,3574
4286,3703
4287,3819
4288,2613
4289,343
4290,4695
4291,1149
4292,4448
4293,2783
4294,372
4295,3515
4296,1839
4297,3211
4298,1008
4299,2750
4300,1941
4301,1316
4302,4100
4303,3967
4304,3347
4305,1569
4306,1452
4307,4125
4308,811
4309,4501
4310,3424
4311,2808
4312,4598
4313,2829
4314,1659
4315,4710
4316,4744
4317,3772
4318,3478
4319,2254
4320,4013
4321,226
4322,3006
4323,3064
4324,474
4325,2139
4326,2905
4327,2679
4328,3483
4329,4006
4330,4402
4331,4736
4332,1207
4333,4177
4334,4289
4335,4255
4336,4513
4337,1428
4338,4245
4339,1170
4340,550
4341,667
4342,1862
4343,1175
4344,4184
4345,4307
4346,3872
4347,148
4348,3934
4349,4181
4350,2051
4351,228
4352,528
4353,2404
4354,2634
4355,1700
4356,1440
4357,2679
4358,2629
4359,2674
4360,2505
4361,2577
4362,343
4363,540
4364,3912
4365,330
4366,608
4367,894
4368,3427
4369,2010
4370,4167
4371,1554
4372,2399
4373,1022
4374,2851
4375,356
4376,1499
4377,1002
4378,2237
4379,3740
4380,4490
4381,3358
4382,3075
4383,2054
4384,2072
4385,2379
4386,2431
4387,4777
4388,1271
4389,2503
4390,3048
4391,955
4392,3459
4393,2036
4394,4156
4395,2412
4396,2474
4397,948
4398,4201
4399,122
4400,2831
4401,642
4402,4009
4403,4601
4404,1473
4405,1745
4406,3143
4407,1577
4408,161
4409,1237
4410,3280
4411,288
4412,3512
4413,3694
4414,4922
4415,509
4416,1182
4417,464
4418,1857
4419,1642
4420,4850
4421,2236
4422,3980
4423,2002
4424,1008
4425,2576
4426,940
4427,119
4428,4989
4429,4559
4430,260
4431,2122
4432,2929
4433,1416
4434,3070
4435,1994
4436,1325
4437,3814
4438,981
4439,4555
4440,3227
4441,2308
4442,2640
4443,857
4444,1515
4445,2627
4446,1774
4447,1084
4448,1554
4449,2731
4450,2302
4451,234
4452,569
4453,61
4454,1868
4455,2892
4456,3809
4457,308
4458,2458
4459,3223
4460,798
4461,4146
4462,434
4463,4516
4464,4808
4465,3924
4466,3983
4467,3647
4468,3043
4469,3567
4470,1300
4471,2253
4472,2678
4473,3200
4474,2494
4475,1718
4476,3838
4477,629
4478,1935
4479,2818
4480,4883
4481,4090
4482,2897
4483,4585
4484,4576
4485,4364
4486,675
4487,2420
4488,945
4489,4048
4490,3361
4491,4490
4492,1271
4493,2851
4494,1483
4495,676
4496,312
4497,3160
4498,2383
4499,1995
4500,1440
4501,941
4502,4791
4503,3906
4504,4853
4505,2767
4506,3664
4507,4538
4508,1987
4509,4490
4510,1294
4511,974
4512,378
4513,2196
4514,654
4515,3765
4516,2147
4517,1557
4518,3806
4519,623
4520,990
4521,2689
4522,1885
4523,1127
4524,589
4525,1826
4526,189
4527,4719
4528,2354
4529,4594
4530,4789
4531,4316
4532,650
4533,2306
4534,2263
4535,4751
4536,3506
4537,2804
4538,4361
4539,3713
4540,1257
4541,4553
4542,4120
4543,2100
4544,2052
4545,3934
4546,3374
4547,3482
4548,1219
4549,2613
4550,3765
4551,4046
4552,1765
4553,4113
4554,747
4555,3909
4556,606
4557,660
4558,677
4559,164
4560,4469
4561,1109
4562,1370
4563,3678
4564,1043
4565,2867
4566,423
4567,700
4568,3303
4569,3115
4570,3387
4571,4968
4572,533
4573,4182
4574,625
4575,2420
4576,2474
4577,3743
4578,3926
4579,420
4580,4101
4581,230
4582,3877
4583,1111
4584,1138
4585,1027
4586,3276
4587,2782
4588,1463
4589,2811
4590,1530
4591,1898
4592,1191
4593,1759
4594,4598
4595,3204
4596,1368
4597,669
4598,2906
4599,2790
4600,769
4601,517
4602,494
4603,1363
4604,4253
4605,2080
4606,4467
4607,3807
4608,3087
4609,1576
4610,3883
4611,2727
4612,4041
4613,2331
4614,4269
4615,4745
4616,580
4617,3957
4618,1987
4619,4329
4620,3804
4621,2744
4622,2205
4623,2113
4624,2888
4625,1402
4626,3639
4627,937
4628,3995
4629,4991
4630,1303
4631,868
4632,2391
4633,4129
4634,1469
4635,3068
4636,2045
4637,797
4638,2873
4639,3975
4640,1402
4641,341
4642,912
4643,4875
4644,1802
4645,4902
4646,3315
4647,599
4648,870
4649,1740
4650,159
4651,4878
4652,1809
4653,3551
4654,121
4655,2450
4656,631
4657,4096
4658,3922
4659,2170
4660,2005
4661,1348
4662,929
4663,4095
4664,1138
4665,3443
4666,1316
4667,1305
4668,3143
4669,424
4670,2844
4671,133
4672,3578
4673,4578
4674,2980
4675,2098
4676,4293
4677,2928
4678,2867
4679,2679
4680,2880
4681,1072
4682,4562
4683,4930
4684,3245
4685,1432
4686,4862
4687,4160
4688,2488
4689,4568
4690,2196
4691,244
4692,2288
4693,3751
4694,544
4695,4382
4696,588
4697,2849
4698,3228
4699,4701
4700,1048
4701,1266
4702,2997
4703,4593
4704,3439
4705,545
4706,2791
4707,2922
4708,1832
4709,1732
4710,3063
4711,4223
4712,908
4713,3651
4714,4112
4715,394
4716,4011
4717,1274
4718,718
4719,2487
4720,3937
4721,2136
4722,2624
4723,4645
4724,1439
4725,4232
4726,3865
4727,4449
4728,1756
4729,2316
4730,1841
4731,3962
4732,4248
4733,4202
4734,386
4735,3035
4736,4295
4737,2995
4738,3887
4739,1901
4740,3604
4741,1151
4742,4175
4743,4417
4744,4802
4745,4633
4746,3961
4747,3172
4748,114
4749,1024
4750,2010
4751,115
4752,3332
4753,4594
4754,1055
4755,1695
4756,464
4757,958
4758,3542
4759,2576
4760,3835
4761,3798
4762,3738
4763,2437
4764,2263
4765,2283
4766,1778
4767,601
4768,754
4769,4781
4770,1850
4771,1637
4772,1989
4773,4520
4774,4867
4775,970
4776,1691
4777,4132
4778,4152
4779,2905
4780,3979
4781,473
4782,3584
4783,4327
4784,1809
4785,2774
4786,2014
4787,3819
4788,3659
4789,1010
4790,4593
4791,1462
4792,4604
4793,3934
4794,1007
4795,2293
4796,3636
4797,4644
4798,2061
4799,4005
4800,4491
4801,946
4802,714
4803,2371
4804,4867
4805,2519
4806,3073
4807,2187
4808,3382
4809,2226
4810,1075
4811,806
4812,2738
4813,36
4814,2538
4815,3325
4816,301
4817,4119
4818,1570
4819,3787
4820,273
4821,987
4822,1814
4823,1721
4824,4178
4825,595
4826,4322
4827,2537
4828,735
4829,1087
4830,3628
4831,3763
4832,4068
4833,3846
4834,1310
4835,3740
4836,3783
4837,2183
4838,1517
4839,2785
4840,1160
4841,4600
4842,588
4843,3876
4844,3286
4845,4377
4846,2451
4847,1418
4848,1170
4849,2082
4850,4926
4851,1118
4852,3546
4853,2232
4854,422
4855,4950
4856,1092
4857,233
4858,1833
4859,1349
4860,638
4861,4772
4862,2567
4863,3016
4864,2395
4865,2458
4866,936
4867,3922
4868,3089
4869,1071
4870,438
4871,2305
4872,4801
4873,3125
4874,2784
4875,4291
4876,4338
4877,4427
4878,905
4879,1129
4880,3909
4881,756
4882,4118
4883,4009
4884,339
4885,3289
4886,2352
4887,3664
4888,3918
4889,4118
4890,37
4891,828
4892,1802
4893,4819
4894,706
4895,576
4896,3167
4897,3416
4898,2485
4899,2325
4900,1432
4901,110
4902,4960
4903,1807
4904,3702
4905,1834
4906,3609
4907,2213
4908,3786
4909,871
4910,3380
4911,2030
4912,1744
4913,4339
4914,176
4915,3203
4916,221
4917,1470
4918,2773
4919,2802
4920,2847
4921,3414
4922,4020
4923,1066
4924,147
4925,1687
4926,75
4927,1263
4928,1123
4929,557
4930,3501
4931,3003
4932,821
4933,2826
4934,4490
4935,4475
4936,3168
4937,4227
4938,1255
4939,2472
4940,742
4941,2179
4942,513
4943,393
4944,275
4945,786
4946,642
4947,1290
4948,3793
4949,1086
4950,3825
4951,1955
4952,2156
4953,2044
4954,2629
4955,2603
4956,4771
4957,4168
4958,1468
4959,1055
4960,4496
4961,4523
4962,3105
4963,2131
4964,1924
4965,847
4966,1073
4967,552
4968,1224
4969,4884
4970,2709
4971,516
4972,264
4973,4876
4974,1819
4975,3683
4976,2146
4977,561
4978,903
4979,4438
4980,1917
4981,2825
4982,3282
4983,84
4984,3630
4985,1581
4986,455
4987,1329
4988,4618
4989,1066
4990,1447
4991,718
4992,3822
4993,4296
4994,2552
4995,4963
4996,4877
4997,683
4998,1012
4999,1407
