hoteles_id,servicios_id
2746,4738
4523,45
2283,809
3991,149
1178,2347
3825,73
4312,1381
681,4976
2775,3920
4793,1180
4770,1221
3949,2963
839,1301
454,1964
1094,4261
2563,3231
4026,189
2740,1180
4829,3048
422,2029
2479,1070
1783,4840
2504,2876
618,4681
416,4629
1820,4597
3550,884
4473,2164
4378,2867
972,2718
1506,3269
3219,2062
4899,2907
2787,71
4968,3981
966,2255
4281,3554
2093,680
4892,4924
2718,4193
3133,4192
1142,1671
2439,4509
3889,558
251,2746
135,1486
708,4163
2838,1670
193,1482
2305,4147
914,1302
2336,3687
433,3315
4353,1055
119,1398
2422,1849
1240,150
4498,202
3262,3571
3503,2339
1391,197
3834,2047
3866,826
557,4104
4992,1272
3913,2869
4513,3132
211,1994
4852,1015
2769,1499
3178,1068
1655,1105
730,4246
560,2330
84,4989
4555,2975
668,3211
3219,1298
529,319
123,3952
2688,271
3092,4164
4509,4666
2723,492
584,4936
3909,4159
4521,1806
3108,1438
1398,3790
2054,1720
2878,2074
152,448
1646,1747
2202,1310
2792,459
2557,4626
34,2317
1398,4799
3455,3068
803,3310
2953,3534
3978,4491
1755,4749
592,2963
648,3210
2795,54
2647,4621
337,4376
3165,1346
192,2328
2629,3049
681,1240
4733,2315
1300,228
1128,87
3658,1556
1809,1780
3581,4600
4775,3104
1241,1043
261,2929
610,4999
115,2195
4941,1824
4691,2565
3113,3665
546,2547
639,137
953,2924
1425,333
4146,1477
1045,2591
1659,1816
2457,2042
906,3252
2446,1374
2668,1886
4777,2170
3601,4371
2059,980
1558,318
4946,2305
3560,1960
3817,3311
3961,2744
4283,3749
4860,2544
4152,4104
2578,4111
2189,1047
1232,159
827,1642
1014,238
1618,3537
4028,2182
1450,2480
2935,4111
3429,1768
4463,2282
967,3008
2766,2136
2072,987
4004,267
500,1672
2864,4476
500,1403
3789,1063
1050,2711
3804,3521
2872,3514
46,2691
2304,1465
3848,1294
4814,47
623,1913
1011,4437
4141,4855
2958,807
815,3267
366,1637
25,2576
1451,1179
2060,445
2777,907
2030,2130
4528,4655
352,4591
4075,2742
755,1292
4855,3735
4046,1549
3457,1003
3872,2004
3860,4480
2214,378
3807,4942
4121,296
4532,1488
574,4688
1864,3354
4240,1688
3227,3897
331,2683
997,1941
1728,4223
1215,4448
22,4089
4588,3522
3162,828
4016,4673
3168,3887
4866,3252
981,3193
1771,2342
264,2039
4691,527
2729,3243
3849,4796
2756,2703
928,3992
115,3941
3226,1592
1079,2318
1397,4605
1163,4176
2895,4151
2632,677
3680,3467
4617,1439
3377,2355
1825,4361
1022,537
187,3781
230,4920
4317,451
3764,1316
2773,2285
2977,133
617,4490
4900,2594
4858,2654
1891,3305
4420,523
620,1326
107,1639
1173,3561
119,2179
3105,137
4954,4507
3041,2143
535,1683
3758,4391
506,2426
1651,832
4950,144
3216,1255
1514,1633
1263,15
1129,2436
3544,3492
320,2541
133,3611
2490,1982
41,1439
4795,2996
4920,525
1637,2500
2066,1067
1228,683
2918,1761
1672,1712
799,2182
2975,3972
3417,2027
4891,371
4491,4527
1942,4261
3141,3814
1772,4580
2489,2000
1339,1751
2843,4930
3737,552
3298,4957
2524,891
2069,772
3705,2309
1179,4387
2885,1350
3509,2334
1521,4216
382,5000
4406,149
4123,234
4258,2620
4311,2505
946,4220
1470,4518
548,4368
2865,3546
1372,19
2047,4545
4248,774
2743,903
4458,412
2128,3186
469,339
4261,4061
408,12
2365,3866
2201,2213
2034,1366
3429,4437
521,947
2476,271
840,4939
1740,4335
3195,4506
2081,3449
511,1067
3577,4681
1930,3851
2197,156
4591,4856
2023,2338
3022,2785
4667,4205
1273,1447
1338,3683
4341,3205
2867,692
4630,1201
2341,1062
4865,540
1249,2105
400,2689
4535,2211
1255,4237
358,1569
4144,3322
2827,2963
2337,1830
1466,2982
995,1754
714,1274
2351,4466
621,1263
50,2008
1462,2879
2447,3343
1642,3169
2963,2969
2480,2350
4175,2836
2038,374
2874,2399
4996,1477
2734,1984
3681,1628
4288,322
2655,1758
4998,4741
1086,3216
4209,459
4624,2661
4887,3697
133,2579
2488,3121
3176,2317
1911,4260
2965,2526
2333,1440
3512,478
2766,2791
2779,56
2240,1580
1096,4699
2311,1161
1309,912
2976,1485
3820,4847
3334,1060
2644,4814
164,169
2246,228
1513,1779
2231,2466
4794,3281
4471,4610
2996,4640
593,3564
2528,1072
4717,1057
1785,3436
619,1641
1790,1430
1241,2388
2687,3905
4980,3620
3774,4810
524,3712
3967,4334
455,2798
3814,3816
4480,3998
990,554
2499,4949
4816,4337
3248,4001
725,252
1954,4808
1139,3627
3638,2839
317,2135
1991,1982
4764,1194
2525,3513
2452,749
1103,4927
3681,4491
4995,2275
4418,831
937,4869
2356,1670
2655,3046
1099,4232
1004,1121
1598,4019
4224,1937
2503,1703
2280,4404
3959,4705
1229,1684
851,1343
4915,4436
4358,3137
1815,1435
1250,2198
45,656
352,1419
4580,3660
159,2577
3724,611
630,1871
1904,3020
1567,2616
578,4739
4544,697
2742,4949
1432,105
4009,3986
1249,46
829,4555
493,1424
2746,2378
4166,1392
840,1549
670,4635
3093,1357
1229,4424
27,2391
189,3955
3253,2004
418,3154
568,1881
1149,3146
4044,3009
2284,265
2556,354
516,2571
976,4514
2947,4167
4320,4370
2821,1712
3640,4209
3393,478
4339,1355
1076,2963
3404,1329
1634,1493
1230,4965
3221,2749
3749,1268
1104,3718
4817,942
4583,391
1070,2119
4344,3214
2209,1292
2154,3495
4404,3607
790,1613
797,1234
4836,2373
2875,2450
4613,3900
4767,2247
4718,968
4918,2935
3635,4495
2357,4134
98,324
4883,1240
1503,4183
4077,1996
4492,264
4454,2590
3745,4519
4819,3856
2130,2892
2642,1924
3951,2417
1429,3233
909,4247
3386,986
2610,1534
2075,2124
3547,1521
637,651
3715,3688
2294,4469
3668,2001
2379,3160
3085,344
3263,3619
2705,3711
3862,4023
3412,772
4810,2158
1595,3346
3898,2929
3926,1728
3012,2385
4370,4653
1247,4605
2585,4742
3063,717
3650,2755
3818,2787
2761,4789
3061,1652
3037,1570
1308,4931
2814,4292
2792,2464
1976,3296
502,3900
4755,1047
1000,3278
1175,2761
1283,2337
2325,3038
1498,455
3489,1306
2401,3792
2156,3438
1935,105
4297,1090
2052,2943
3135,4489
1385,1657
245,3125
1056,3751
4729,3368
4204,2169
2162,2671
2073,1456
2570,3131
1483,3116
4598,3522
3916,3946
3130,1815
3735,4598
2255,1788
1814,4627
3410,1651
4272,2959
4412,3446
4514,2390
2046,1175
2780,2551
4344,4333
2003,215
3833,3984
4471,450
4421,3312
3588,2520
3690,3283
1652,957
361,371
2642,1601
2470,272
2453,792
4325,125
1511,4588
4208,4132
2908,2943
4772,4876
4986,4330
766,546
4529,4786
208,2031
2564,3525
4583,1078
86,4779
1680,2353
4408,2857
3037,2572
2465,3783
3415,839
4460,3829
3687,1650
4224,4320
566,3232
3756,4059
637,1785
4072,2245
1211,4453
981,98
4705,2928
2361,950
3380,934
4762,2374
1999,391
1689,3852
4968,4890
2854,4283
2140,1486
2075,3479
3199,454
1257,4478
1238,288
4069,576
2038,870
2164,36
3999,3859
3405,3356
4748,4910
4402,3398
2097,3521
3726,3685
4263,4694
1732,4486
3790,1776
2267,4436
3162,4157
3230,3081
3719,2138
2312,242
1995,2305
1644,1881
3701,4714
2170,191
2251,167
4485,3801
4625,3385
4512,3915
4766,4026
737,2904
1130,2334
1038,3093
2687,4864
137,3932
2147,3888
3132,4892
2175,3063
3823,3016
279,91
4812,1781
2126,4025
1527,4384
3921,2944
1495,2120
2294,4349
4196,661
705,3567
911,151
497,4589
1565,586
518,4324
3027,1716
2824,864
2803,1030
1360,1742
1500,584
4179,1438
2401,980
2160,343
741,4614
3978,3345
4512,2787
3505,734
3790,488
658,1554
1402,4812
3004,859
2890,1600
2813,4489
4865,4557
3023,354
2972,1330
2506,1189
4765,1176
2001,719
229,2904
4243,758
4286,698
1704,160
2123,3954
496,1175
3174,4584
2988,2378
1211,783
4871,505
1460,3427
4252,1425
4269,1916
2991,4599
1208,1261
943,1786
2539,2861
798,3800
4186,3899
4119,4078
4192,142
4235,2990
1670,2779
2888,4932
379,223
1388,1472
3765,4659
1846,4341
2531,530
1929,4596
66,4637
20,3705
3580,4139
3529,3021
1368,572
775,2711
2862,2523
2647,4672
1736,3113
4936,3469
604,3552
2913,4651
869,159
4212,4816
725,4890
4207,16
4748,2728
985,3676
4254,4147
3486,1063
1402,4527
3067,2307
596,1495
4644,3895
3906,4235
1487,492
4734,3770
2162,3849
4603,984
3415,4108
3727,2079
1970,3891
4146,4091
3430,266
1828,2533
3576,346
3431,2089
1583,448
797,1479
1773,2369
4105,676
4444,2482
4354,2655
2218,4145
373,910
3763,808
1258,3604
4025,4050
2791,3867
3492,4401
1865,3853
1594,3797
3781,784
743,2774
4176,333
1755,2576
3067,3591
1197,1363
4369,4848
3468,2431
4939,3517
3720,2209
42,1320
3430,3264
320,148
331,712
3946,836
907,1476
3037,2105
3204,673
3199,2677
1957,4992
2331,1253
2279,41
1634,2430
3972,2557
2223,2079
3590,4444
1760,4240
2008,1068
2282,4503
1837,3766
3019,3387
1591,3671
1521,3266
735,314
4718,140
4515,2673
3131,4194
4392,1774
4225,406
2643,3367
3619,1720
4617,3772
912,1012
3825,3341
2954,2835
2022,3633
2010,4852
3610,3550
207,425
1368,4611
808,1189
2241,967
192,288
3672,3543
1816,2468
3254,1396
3598,1213
4106,4288
4949,4316
1222,4938
4026,4770
287,358
1332,443
2561,4155
4924,3639
781,146
3046,628
1093,3981
2282,2992
279,2769
4580,3219
4374,4354
4984,1414
4422,3069
1791,2927
3087,1082
3983,2478
3454,1160
2653,4578
1354,1536
2291,4884
3014,3407
4353,3988
410,277
1949,3920
3690,1095
4457,1389
2932,4399
78,387
4544,2101
2257,4865
2905,2638
1933,556
1215,241
1877,1791
4880,1534
2839,1248
3680,3565
2574,4717
1867,102
2407,1176
723,2517
133,4223
3993,508
3051,1701
4537,395
202,2720
989,4430
4991,3297
3142,2350
1408,2306
1011,2523
2309,440
3469,908
3833,3678
2317,534
4412,250
3078,4855
4896,2841
1398,1749
2320,2996
1731,842
760,4440
4,4121
2966,1973
2939,4646
4914,4856
1624,1344
3011,2540
1397,1787
3732,1826
4498,1092
4806,1796
1139,2658
678,4162
2347,1796
3445,1285
2036,3262
4263,2964
3953,928
3576,2607
489,4786
4175,544
934,4472
3331,4219
559,1144
4598,1739
3112,276
1514,3813
483,4222
4533,3067
4836,4894
2187,4811
3175,545
902,4075
4507,68
2573,4502
2841,918
4398,1061
4345,2819
4587,447
3556,4795
4475,3708
4306,3540
3514,1778
177,2492
2858,1601
3595,2739
3829,2937
1405,580
4641,2165
4804,2854
1252,3371
4782,2350
2050,2289
1345,3228
2227,1405
4156,4418
4781,2315
937,1204
912,889
2158,3245
4955,2554
3654,810
967,742
3471,4762
3409,4750
3929,1843
2579,2600
2705,882
1391,4302
3376,2351
2358,2440
3907,3310
81,1727
4834,1172
2605,385
3233,1410
2334,2146
448,1583
4569,1021
714,1509
2863,4101
2036,4470
1228,1906
3438,771
4824,4513
3565,4013
3358,373
3392,4916
1534,2513
3115,3183
840,4873
2639,4921
4925,800
244,540
3130,3992
3600,1051
3814,120
2102,1000
3165,819
774,2402
365,977
396,4459
3294,1360
492,295
1741,53
4161,1239
4361,1349
770,2226
2004,1453
2185,4518
3318,3126
4413,434
2675,4031
4112,2636
2354,3225
3937,2359
4640,3991
1101,2396
791,4970
190,3733
3049,2178
3874,207
2754,4952
1019,510
1014,796
3943,1239
2314,4499
961,2308
838,3263
4103,4777
2488,3579
693,3489
3531,4101
980,1696
4392,1382
1912,1927
4080,3009
3715,2215
1043,1044
227,3445
3515,2562
991,643
819,3258
1403,2007
1689,2572
4121,2191
1910,3926
3290,3586
4502,2586
2527,3328
1632,4950
2079,4050
1669,3313
999,3079
3290,2200
85,1188
14,372
1126,3033
2829,3075
2214,3398
3960,1541
1360,1123
582,2098
1588,1655
4336,2654
4259,4165
1982,361
1126,1500
3826,2177
2745,2662
2326,3956
897,4388
2582,3114
2007,1851
3818,899
837,3756
2878,712
4617,2525
3672,2611
2514,4138
1197,2556
1275,1360
2281,4589
1337,2967
893,1153
4492,1347
1802,4527
218,3027
786,2515
101,3326
1669,798
1680,4641
831,358
2062,2998
3964,576
4746,4674
294,2099
3055,4467
3451,1991
286,397
538,4921
1110,2892
4533,1781
4139,1437
951,362
2170,744
321,4548
1184,162
3840,3907
1311,2602
4899,3106
2861,3738
2445,2723
3917,841
4379,3699
1991,4015
4726,1940
4666,4461
4345,316
2509,3923
1068,2846
888,91
4328,536
1639,1171
2805,651
2056,2289
4072,2749
4410,3228
1439,3363
480,674
4941,3584
3191,522
2972,3372
2556,3508
3222,4523
4650,2178
1694,4036
2847,3634
3797,492
638,1249
4831,4823
419,4887
906,992
2951,1759
378,2096
3228,2922
3957,886
2903,4031
85,1992
2552,1820
117,4661
4950,4187
4811,1128
2001,3516
1575,4423
2438,2637
4434,1023
2978,765
2294,1459
4224,25
4667,813
535,670
3226,624
3619,2178
798,840
133,1054
1389,1766
2216,1355
3622,3419
2907,2082
1970,3281
1435,4443
415,894
3709,1412
4304,1203
1404,757
4005,1435
3649,3373
44,520
4212,4950
4495,557
1590,88
4620,1360
601,4398
3460,4452
1764,3593
527,2913
2817,756
2517,536
1920,2533
2100,1970
2946,4365
3945,4838
2530,3770
2775,2696
2650,1805
893,29
4012,1422
4158,2193
2036,3774
556,4883
4223,1396
266,1404
2252,1393
2491,3251
1595,2591
1605,3753
4306,1383
1413,4724
191,3075
742,2659
544,894
3486,3851
3601,2582
575,3365
1563,2601
2247,4044
4182,4807
4090,1329
1919,4776
2031,1348
3485,4695
2170,4593
3198,3105
1877,3461
1295,2198
4524,3752
2083,187
1564,291
1120,3028
2574,4039
1821,3799
3977,1459
1815,3717
3451,2234
875,575
1046,3416
1481,2476
2579,3860
2228,1174
4051,1069
12,2847
3145,3912
684,4963
1387,686
2808,4703
3648,4153
3269,4571
1694,2572
1802,2003
3050,2145
329,3747
2367,965
2790,3331
2742,2353
893,1722
3665,608
4794,1554
1715,891
174,1498
1267,1396
4797,1056
4384,3375
1396,2117
4444,2153
3981,3677
2520,2515
2327,4344
101,3187
2424,4549
3975,3785
2869,669
4939,4589
3672,2913
2597,4919
3144,566
3742,918
3496,3716
193,4232
2386,1620
2882,115
73,1202
463,3526
136,2084
2114,3200
4651,451
1638,159
3443,2199
728,1027
663,978
4567,2357
948,1686
2076,2485
2552,622
88,706
1578,4075
2077,3697
3830,4653
2710,4660
633,3788
1459,88
4909,241
4956,721
4168,1881
3607,1879
1964,1110
1215,1581
1531,4953
1944,2839
236,2491
2526,2355
1608,3349
1664,4984
2779,4540
2350,3090
217,300
1900,3620
1614,3924
3331,687
2477,301
1676,4498
4470,2259
1611,3575
3362,2877
3858,151
961,4027
4768,2141
9,901
1202,4121
3117,4172
3941,217
1183,169
2989,1118
1567,3020
120,1532
2988,1172
4585,3417
3431,3459
2546,4200
623,2892
3279,2961
1332,1932
1309,21
866,3756
2476,1730
1002,4308
662,979
2280,2719
1,2718
771,3925
2062,3826
2568,2797
1593,4265
4028,4579
1871,3113
3891,3408
123,2417
2953,751
2882,3035
210,3548
1293,60
227,3058
2429,386
2357,2512
1433,4350
1360,3297
3712,3566
2160,4378
2398,2373
4835,503
2090,650
3500,2976
2538,4101
1414,3223
4396,1154
488,26
1464,457
424,2977
3181,14
423,554
1041,2311
1442,2323
1203,2214
2132,962
2411,3093
746,4728
1977,728
4491,3744
4712,2362
972,469
925,2663
4086,3451
2101,2893
1527,2913
1867,208
3676,617
3658,2275
365,1366
2135,1199
4536,4473
3788,312
246,369
3649,2564
3470,3848
1049,4204
3327,1346
199,2966
1240,1238
2173,2488
4717,4619
3195,649
218,4036
955,4554
1736,3620
944,4144
3963,1332
2265,3869
2247,64
977,17
2330,3100
1709,2789
1539,1824
4003,1908
4081,2725
1499,3145
4838,2325
313,1382
683,952
2926,1215
4846,3811
300,730
4381,1716
241,1926
4651,2762
1886,2865
922,4897
3244,287
1810,2918
2769,4908
820,624
1666,2111
1226,4375
1065,1925
1977,1604
1449,3425
3916,256
2732,968
4692,905
3786,3556
3965,4449
3249,4513
1505,3178
3343,2394
1527,3550
2765,1176
4464,1790
4707,4121
3647,3156
3453,1344
1804,875
3808,4493
4119,1509
4423,4392
2362,4342
3169,1939
1798,669
3693,1691
3799,75
2001,397
4256,4877
2852,4494
4809,4496
4040,1555
4214,4438
2156,987
2841,739
1681,1801
2233,2382
4145,3562
3347,2727
1288,3800
2439,1327
1706,3918
4961,2519
4074,292
3048,1240
3840,1703
78,2943
2382,1368
4719,460
3802,587
2967,3086
2342,1860
2898,1533
3688,1362
3634,509
2353,4393
3467,912
13,2696
2308,4007
240,3459
1392,66
4341,2877
3264,1344
1323,1264
4560,3106
1713,644
4971,2346
3090,3595
673,4437
792,1899
3234,1287
4546,1599
2527,4167
4612,3592
4266,43
2337,2485
2871,181
443,369
627,3718
4352,3335
12,1551
344,320
424,924
4260,2062
2899,4635
2245,65
2584,2793
3731,3175
1669,4331
1247,591
2939,3076
4283,2284
3747,4185
2199,2471
672,209
1188,1166
4057,2613
3403,763
35,1070
459,4291
254,288
2118,4375
2923,677
3768,4816
1350,2220
2837,590
2734,1085
1928,3053
199,4807
477,4837
3568,4007
402,1547
1859,2824
2890,3018
2107,2030
4333,369
4502,3373
1766,3201
878,3286
1371,127
2035,3375
4484,1942
235,1618
4256,4394
420,4039
4619,2433
705,3161
3206,4130
1556,3419
158,725
2450,211
56,4107
131,1879
2729,1608
163,322
4612,1505
4773,774
1959,4181
3077,1066
4016,1195
3478,4177
740,2910
168,459
3246,3895
2714,3293
3027,910
3796,208
4117,2554
1036,3020
1375,4365
3688,588
1260,429
1599,4838
1648,2083
1202,3711
1939,2465
4680,3959
2573,2530
7,1432
3364,2760
2247,1900
3975,1991
2542,111
4787,2793
2075,4343
1340,1969
1546,4247
1967,578
1650,2296
4667,1477
4469,111
3069,2530
4277,1271
293,1174
3077,3573
4548,4
3354,2163
666,2464
1238,3972
3453,1915
4458,3440
4217,21
3290,4306
4592,178
4111,2682
3512,1068
1905,2035
1362,4181
2775,3687
1660,1322
2728,2617
1044,2039
3629,263
2163,3448
2605,3747
4257,1537
3314,4673
3654,1672
4974,597
307,2425
2355,872
902,1563
3252,1139
1217,4585
3654,682
2670,4731
1911,1788
2532,4340
4256,4602
2500,2490
3518,4242
1881,2545
3755,974
2842,2304
3921,1303
4117,3005
4291,3199
3822,271
2725,860
969,2084
4691,2003
1142,1867
275,483
4954,829
3898,3110
2088,3964
1282,249
663,3624
2061,1204
4449,3544
3995,2756
809,4952
2398,2847
1139,3585
1412,1240
2127,4610
4705,3000
3684,2845
163,2392
4968,1893
1455,4663
4262,1197
4471,2497
1720,2305
2791,2355
785,2825
3220,236
2140,3682
1067,765
314,3167
4623,971
2767,4540
1919,4691
1773,450
446,3587
4859,487
2993,4020
2373,4286
4036,3865
3279,2691
4577,3242
410,4208
1282,1363
323,1824
4099,414
56,150
3897,3130
2540,1376
3627,292
1990,4136
1751,3457
2933,712
933,3283
180,3447
2105,4365
2941,4030
238,3807
2327,4832
612,3316
254,381
2082,4767
618,2974
514,747
1015,2606
1875,318
4998,3809
1907,2861
586,1041
794,3797
580,1880
3556,2335
1012,3309
4147,4351
1395,1436
4124,980
4901,3036
811,4523
4781,179
4005,1087
1104,3693
850,4146
2716,3029
483,3214
1093,1723
1990,3292
4442,4622
769,4444
4165,3617
1377,4712
1023,1199
580,3133
4820,3166
3388,4840
3450,3339
2203,1817
111,1912
1053,2218
671,4481
2594,3584
4593,1376
4031,180
4343,4502
4259,1061
4821,2851
3331,2236
3080,1705
4758,641
2797,2273
694,1316
2136,3583
4366,3180
697,361
4979,3330
1895,4692
4879,3627
3134,1826
2432,1937
983,2941
3538,342
3367,4420
3127,3583
2696,3026
3417,152
3452,4293
2832,3385
3050,4490
911,4423
4819,1022
1072,4658
2685,3429
1424,4594
2584,1536
2549,637
1542,3862
1218,4947
358,2946
1377,2268
2499,2384
699,3064
2334,3585
482,560
1144,4198
659,2404
3728,4556
199,2777
1596,2011
4726,1637
1728,3369
1267,3394
1868,3582
2718,2360
2826,4043
1516,8
4623,388
962,1737
3024,4837
2526,1211
4418,386
1261,2896
3922,2222
1138,586
3112,120
687,1618
1323,3542
1844,829
2693,3447
2817,2331
1771,3960
3553,4882
3264,4050
287,992
832,4175
694,527
3395,881
3215,3894
2104,1371
58,2640
3558,3373
4870,972
1954,53
293,30
3032,4484
3235,2199
4105,329
341,1577
3902,1778
2349,1547
4646,780
2840,3451
3786,1002
2101,4069
1640,1890
1974,3178
510,2223
529,4948
3882,748
4152,3074
613,2132
4889,4696
2263,2524
2518,4313
747,913
2915,1882
822,1246
323,4907
1564,1431
557,49
3887,4249
4167,1717
272,3407
427,3647
2057,2155
2246,1690
2899,4888
1394,648
3657,3297
2280,2192
3087,141
134,3117
2414,85
614,1636
1407,1242
2800,1003
2864,4056
4767,1156
2172,3385
1850,4615
3779,1914
3901,458
2831,2864
3432,3079
1586,4451
833,4535
3897,2310
2763,2250
1008,2015
4107,1393
1512,2601
4853,3853
4511,1908
4471,3745
833,697
728,200
520,4385
21,2771
995,3137
4463,1380
2892,2671
3507,2896
284,763
3643,1852
4001,2885
659,2
3736,1280
3800,16
2915,4408
2617,1520
559,267
1830,1086
584,4402
2059,390
1621,865
782,485
4946,2188
1243,1552
60,1477
3587,1656
2573,3473
3836,1554
1296,1343
4674,2956
1130,3262
3785,491
697,1822
4441,1028
1005,2273
1201,1757
4020,1195
3847,4398
1934,4926
1151,4961
2733,706
881,1987
2433,1130
3499,3750
2228,3082
1157,1886
3230,3677
3093,1734
362,893
3214,4373
4257,4773
4699,2532
666,1126
701,1215
1055,2286
4594,1987
4888,4703
3320,4205
1895,521
1900,1292
3902,2481
353,4636
1803,4188
2802,4971
408,3508
2250,4399
4075,1313
2965,3773
4111,2046
4408,4845
2260,3616
1689,3679
1741,4090
4263,1068
175,3422
4548,614
4010,2086
2626,4004
1941,1933
3862,2840
2915,2252
3605,3631
1824,1211
2041,2498
4370,994
4114,2302
4380,3043
2879,4198
3036,4505
4132,601
586,604
1125,1469
1884,3231
174,831
270,2224
2356,3028
4524,3065
3192,380
2970,1089
511,4748
4949,3770
1258,338
2819,4374
4263,853
1541,4808
163,2116
1319,270
4219,1028
4084,855
438,4241
3055,2645
2276,2505
3757,3903
1939,1320
3346,4158
2934,1719
440,4524
4809,2630
3590,5
2340,1936
3062,1242
3417,3265
433,1939
3644,2548
1447,1746
4689,3340
1572,4847
4516,1025
861,2295
789,4436
1543,504
4479,847
676,3066
549,985
580,3836
672,3663
1528,2431
4212,4513
4192,684
760,2226
4147,1029
4830,4410
4318,67
1864,480
3773,3397
1609,3896
3767,1964
2729,2328
1372,2734
3527,665
4767,3499
4567,1227
3203,3525
2891,3740
4441,269
1209,2811
86,677
4172,928
2312,1423
4064,4093
870,3326
4505,1636
3017,4004
2400,1053
2477,4392
898,3008
3322,730
4633,2897
3679,3228
109,1951
4156,4649
4516,4524
3725,327
990,640
547,3228
4407,2140
481,2788
2568,3496
2660,1956
2933,22
3346,3869
3322,3985
4395,2988
3517,2451
1289,954
2477,4204
211,937
949,69
4903,1575
787,3716
32,787
4016,1346
2110,3062
3964,3953
1109,458
1315,2926
3663,2043
1316,4860
2921,3762
2584,4751
893,3071
1281,846
3929,3252
4704,4262
2501,913
4292,3562
212,2081
491,3149
4082,3543
896,3295
4980,4697
2601,488
914,976
4507,4677
1272,2774
415,2809
3402,3888
4972,1408
4561,1085
1128,536
3863,4688
4557,1355
2696,2931
912,4609
4424,2314
3166,4263
908,1159
2729,1890
4947,1095
4304,3770
200,4008
839,2880
4031,2739
2698,1857
3556,3214
2225,4835
388,4940
3516,4
1764,3407
900,3884
1459,2232
1080,4991
708,2870
651,2353
1459,4257
3510,2581
1029,1562
1581,3895
975,3517
1639,1786
2301,2850
2212,3696
356,3832
1017,3673
3319,2399
2597,1785
1896,434
485,2754
2190,100
3564,793
3314,3535
138,4799
4621,4391
4533,802
1401,771
4766,929
1261,1531
3503,3219
1087,1626
1320,2331
1516,4940
2061,1434
1895,1542
1496,3827
4200,3789
4314,2300
3442,2699
3762,147
4481,2384
2928,3090
3705,2523
455,4557
1831,3518
1897,2837
151,4660
525,4841
2579,163
652,2789
3231,147
2409,1227
3176,2091
4845,3771
3227,1458
3615,1971
4767,2284
2654,3757
1692,1518
4984,1027
4663,3082
693,2305
1383,4060
1709,2782
1218,4004
3752,964
478,3322
25,1258
52,3931
4481,3138
3955,3314
1574,117
1833,4896
2112,3896
912,2264
3113,1077
379,2697
2067,74
716,1684
612,4273
4168,2338
2106,4097
2227,4773
4218,3460
2349,2070
3557,539
2192,4332
1495,1826
1566,284
2036,137
3118,4874
121,2863
3221,2189
2308,3337
4381,4960
1983,3022
567,4184
3932,4868
1395,4370
2480,3312
3553,1184
216,367
2997,592
905,1104
3431,4846
4254,1524
2487,877
3911,2179
3146,547
2666,2511
4955,2756
2006,564
2151,3610
549,1207
4119,1967
185,3279
698,1926
1381,4284
4798,1813
4035,493
3150,4700
858,3226
1757,2673
3859,2243
100,865
4736,108
313,1454
3766,1867
1712,1876
4792,3536
4380,610
2916,1888
3711,1078
4086,2213
4438,4998
940,3306
1488,4587
1075,4773
4771,660
3217,4600
1536,2323
3206,1837
2567,3623
572,3153
2453,1365
4255,1181
4127,2756
76,2111
1735,2544
1277,189
4718,3218
3139,3332
3154,3367
2142,764
888,2532
4073,1168
2896,3200
1716,2388
161,4549
1338,2502
3440,4620
3149,2715
3337,1337
386,770
1371,2759
1692,4895
4971,4636
1714,1310
2651,2812
2457,4156
1967,563
1281,4398
4766,3442
3317,528
2533,233
3328,670
2746,4120
4708,4652
3226,3405
60,3439
4993,3679
2573,1786
3229,2488
2401,218
1109,1659
1195,682
2113,574
3408,2082
4846,1167
2626,1622
3679,2786
1799,107
2896,2153
4595,1976
4905,2927
2509,549
246,3560
3880,472
1911,3710
576,4460
1099,2580
4605,2499
3097,2203
1846,2376
4327,3834
1626,3007
532,1754
631,1755
4783,953
1860,4608
941,1379
1003,4224
1336,4705
2125,1542
986,2020
3893,4414
4825,3056
3068,1677
1108,4474
785,1761
1289,3643
981,2038
780,4072
210,2686
2196,2402
4924,597
4399,4007
2501,1856
994,3710
4953,2753
2990,518
2109,1582
3878,1835
3575,4829
3121,2229
2476,2476
2763,3742
26,1295
2653,2129
855,2362
611,4718
3066,313
4657,235
1876,120
3920,3964
1893,4138
3641,3076
2771,4591
4579,4459
3416,1685
629,2336
4443,3520
1448,628
595,4419
3496,1710
4867,350
3086,410
67,2568
1661,1507
129,3835
4325,3017
2160,265
3584,2081
3349,461
1810,3847
3201,2485
2473,3471
1709,3048
726,4553
162,4377
2396,3594
4101,2054
1842,4218
2737,980
2339,799
1252,469
4801,603
2479,3191
4611,392
1865,2845
2368,453
4450,1852
318,4937
1186,1827
4889,4817
2839,894
3815,2884
2224,1179
3219,222
1712,2137
4903,4308
2545,4379
1650,3117
1356,4854
571,1802
3150,4719
1694,3574
4661,2771
4103,1258
2750,2115
4725,2258
1641,1494
1980,1229
2858,4251
2568,2891
3058,4075
2069,2515
344,2391
1980,2375
1492,116
132,326
191,3256
4766,333
3053,2958
3705,2162
3868,3871
3122,4503
1314,4833
2679,2315
4450,2223
58,2026
920,1142
1220,4208
4391,1173
3340,2875
3721,595
1017,4273
997,2451
4587,1994
2268,3375
3613,2442
3946,3607
124,4819
3572,2407
3633,1094
2852,4027
765,1218
2341,1243
1858,1953
4985,3995
1815,803
4023,4658
4273,2036
2954,3548
4942,1058
881,2323
2905,126
2783,2088
1846,3707
3337,2266
4343,9
3627,4875
2641,2218
2052,2161
141,1886
233,4596
4266,314
4372,3568
2765,425
4938,24
3048,3535
432,1387
1114,811
494,893
18,4769
80,4441
4504,4035
890,4577
3531,4498
3272,2300
1594,2435
1430,1721
4063,1036
2505,2273
3011,3824
937,4726
3736,1718
428,4969
42,2936
2207,2000
2284,3281
3200,49
3244,2529
1184,3337
3755,3304
1116,112
1631,3815
2540,2845
992,3315
4753,3056
670,4829
1803,2764
385,3193
3319,1802
3951,4843
4487,2474
4617,2524
264,2792
1587,276
172,2949
442,3187
2312,476
1358,3458
3920,2683
563,2370
3082,366
2351,762
4109,4043
2063,4791
879,3827
2408,3820
2438,3260
1335,999
1351,1975
3226,3232
1593,3124
411,1413
7,1976
4437,4249
4581,3593
679,2952
3222,3615
1943,2298
3745,4888
1449,3782
4572,190
164,1365
1497,3604
3219,2976
2257,2483
3438,792
1281,916
3854,1688
2382,3041
2432,2616
2651,313
1276,577
2818,3438
805,2748
4027,3103
2733,4744
3758,3388
1033,3185
2991,1341
1099,258
2726,3620
3141,1530
4341,3251
3702,715
3886,2975
1222,2325
637,3068
1975,4088
2214,4856
271,22
3057,2079
405,2864
238,4123
3557,3161
4093,3343
2287,1047
4009,1442
1318,2997
3534,4620
651,3383
1156,1492
3917,4031
964,3211
4969,2028
3453,1428
3063,2694
3551,2373
3434,3946
1577,4727
3596,2539
4616,4771
3826,4760
1549,1149
3668,4936
2614,363
2919,4573
4001,3823
1303,1488
1478,2187
1939,656
3380,1765
1126,572
2013,2700
592,2990
89,3711
855,558
1667,4774
463,1717
2981,3237
1340,1616
2912,192
4050,376
1414,3163
4125,4094
2678,2052
3528,3256
2270,373
2506,1180
35,2515
3910,3064
883,3196
192,1404
3267,2520
856,731
2098,2265
4086,1688
3258,4523
841,3528
2303,889
1258,2073
3162,2486
2074,793
4656,272
952,1637
3138,552
4193,4957
743,762
662,126
925,294
1238,3498
2785,1177
4220,4497
7,4238
2639,3868
4567,1786
32,1744
2502,1811
3670,1621
4457,2608
3308,1634
327,1984
4424,256
3277,4098
3884,4901
3580,4260
2970,763
4184,2411
3455,2268
2415,283
1437,1924
297,3902
1320,209
474,4393
908,994
649,1242
1501,191
4963,3203
3036,4911
136,887
2211,2890
3827,2721
2392,1280
1422,1703
3763,3930
2872,3533
1656,506
4387,619
1004,632
747,4901
4181,1379
4918,3366
1815,2651
2981,4022
4609,276
2702,1703
2789,135
3428,983
4513,3896
1117,1409
684,4121
2576,2162
2015,2901
593,4625
540,3648
1496,286
4358,1439
146,3839
833,767
932,1999
2149,1045
1264,214
4528,4341
4914,2967
2549,4833
4039,1325
3747,3159
1893,3249
1812,944
223,1616
3870,1499
799,155
492,1094
4652,2734
1794,441
3616,2704
351,1119
1594,2936
570,2654
56,2335
3148,3585
1480,3348
4115,1998
3003,181
3397,4878
2999,3820
1388,4062
312,3415
752,4518
1885,1109
333,613
3491,235
3071,541
4702,3473
2094,3274
56,4985
1141,4511
95,117
2727,2427
4350,1012
3306,3701
119,1448
4589,1531
4354,1376
2400,1372
2185,910
1307,1989
4295,1903
3578,1398
3505,1735
155,3856
2968,2959
1056,655
126,893
331,3033
4457,1576
3348,1770
2037,123
2482,1029
3581,1308
4362,3508
3847,2084
2599,4722
1100,1355
3370,1448
454,1618
273,3136
718,2007
1832,1460
1149,2070
2219,4492
1669,2202
4683,1016
2600,1289
2527,2280
1767,192
1262,147
2324,3420
4422,4116
38,59
4486,3078
3135,1292
4614,2374
954,882
4679,726
652,1017
4369,3573
3480,2116
3438,4218
3420,1211
4511,2094
431,4535
499,621
2696,230
1165,3020
1314,2795
766,1542
453,34
403,4596
514,4170
2454,4807
1985,3944
3503,1142
1176,4387
4888,4709
2558,772
2079,2084
3282,1840
3383,846
521,4421
1153,2465
2179,752
2872,854
3984,1325
2563,4499
2887,2616
1913,2576
2726,46
639,949
1251,2198
3507,211
963,2240
2433,772
4335,1532
3319,1518
2753,1180
3514,756
703,4516
1907,1056
2123,2255
892,2124
2976,2199
668,1280
1641,4694
2322,4337
151,1361
1514,3562
1841,3369
3042,1364
1502,2531
1477,1847
2945,4198
1840,3323
71,3409
3162,2606
3275,1321
1215,34
4965,2331
1250,3083
4925,3248
712,3882
3609,3086
1413,509
4199,4384
1754,3488
4522,3551
3049,4153
132,1200
2603,4613
1121,4032
818,3690
3739,2888
3237,4983
477,4607
3491,1231
1420,4539
2456,3510
1158,4318
4455,3165
4732,4199
4190,4660
1913,4459
4374,1694
205,3172
648,3699
4905,259
3180,2778
1981,3669
3542,4637
3187,4383
4365,2771
84,3914
1380,2663
4571,1232
495,1989
1303,4097
2283,2083
287,110
1289,4751
4614,1510
2255,3284
3351,626
2634,535
3750,2444
3893,3564
2168,1636
14,2806
2360,2678
1878,470
4503,664
349,723
2521,4457
710,2143
4292,2019
4049,532
2851,3111
519,1597
3444,761
2039,3575
3983,3133
4109,2288
1180,4823
3744,2726
1090,4833
3621,4758
2189,19
4402,1702
3531,4326
412,849
1211,3637
3895,288
4849,1688
1428,1748
4526,2137
2854,3581
4916,3826
3513,2202
4570,4280
1337,4385
78,3894
3182,4386
1011,3547
3664,2276
1591,3319
946,4272
662,3045
1552,1664
2285,1624
4381,1076
2833,387
2960,1560
3934,2930
661,3173
2434,4869
3168,939
2233,3187
3654,3963
4515,3571
3852,570
1225,2871
892,2800
4347,2970
3817,385
3757,638
2808,680
3722,3700
1343,1674
3158,3022
600,3651
522,3776
1573,1875
4762,827
36,1313
3435,954
2632,333
2458,4512
1826,3062
69,1950
781,2052
4679,771
2701,3979
4325,2730
2995,4272
2849,3974
2134,1658
4820,4005
1235,3565
1966,148
4082,4876
2318,2830
3267,3455
293,725
1829,3063
567,2785
2960,2333
4703,1197
2776,2386
417,4951
2423,799
445,1489
1786,576
262,4450
4361,2614
2942,2786
1086,2671
67,970
4073,2951
2208,798
4965,183
3614,4985
3597,4216
522,3714
4184,360
520,108
4115,3005
1743,3614
4659,708
80,352
817,1318
4842,4028
3338,3846
1033,4744
2477,2704
1297,4130
1242,1497
1507,4556
3224,781
750,2790
2053,1130
2549,1201
1482,3276
2996,2772
1696,3177
2668,878
210,221
4599,140
1615,2999
1373,3406
254,3069
2156,591
3408,3803
4869,752
3152,2240
1178,574
3872,1747
2984,1137
3945,4941
2775,284
3838,2198
394,4888
2201,2509
472,4339
134,2911
158,1003
2926,3427
2207,548
2632,3286
4478,2435
2197,4097
4065,466
638,643
930,2016
849,2405
1082,1490
2042,3313
2388,1857
2624,3326
3949,445
3870,2975
3829,670
1570,4584
3531,2734
4087,2260
2232,3442
667,4224
1918,4350
2965,3686
1240,19
4061,1201
2954,3583
3646,1935
3473,3304
1193,1713
1176,4254
3545,3051
281,2430
4737,1358
2711,1491
4446,1552
4690,2564
4299,3798
4806,3003
3253,3787
4082,2011
3094,3255
2009,2875
618,1523
2456,545
4312,2810
2423,114
1533,958
778,4273
889,3826
3106,2391
4718,583
2436,1748
2273,3474
520,3078
2661,863
4731,3610
2903,4109
4500,4520
4868,2437
1209,150
1694,215
91,938
4061,509
3120,4578
1073,4790
4820,1965
4441,898
4401,4036
3090,912
2669,1050
834,2146
2327,3066
4837,248
1718,2710
3821,3106
1214,213
2627,1405
4158,1959
4644,2515
2911,1941
1419,113
3017,1639
4984,2396
2677,2765
147,700
535,775
3967,4923
3623,2371
4029,4579
4617,2350
2316,3457
3650,1967
1356,3358
3129,3632
4385,3430
4459,3007
751,2439
2434,509
3871,2275
2172,3702
2730,2405
4368,2805
2671,2579
916,295
2692,3372
3707,854
3089,4117
4716,2030
1412,590
4937,2734
3748,316
3253,4819
4332,4126
2965,2800
1711,4398
2988,24
4394,2915
1358,4778
387,927
3920,1641
2006,4268
3386,10
2817,1978
2505,1190
1751,4982
433,2183
1620,1453
2471,4022
4272,4722
2208,3837
2285,3940
3618,1863
3478,2170
4344,588
1898,3029
4694,779
593,2296
3348,623
1640,225
3113,3757
4620,36
4972,1693
1428,1146
1964,27
4646,4568
4643,4925
2338,805
1825,2231
2937,4943
4297,317
4234,2410
4560,2503
4739,1578
3152,4554
657,1295
1814,171
4420,199
921,3428
1045,4310
234,3651
744,481
1069,3327
3190,382
2413,3683
3523,4852
1009,2341
3885,4779
4283,4680
4772,1349
1402,4669
4192,3504
3325,2228
1705,2037
4379,2547
3312,1164
812,4973
3797,1211
1314,1511
4565,780
70,80
4025,1798
2272,2067
273,3749
660,1517
1092,3329
1367,3664
3138,1393
2067,2515
4667,3439
1015,1521
3031,1680
3524,4474
4787,4062
4000,2214
1523,1767
56,1145
2239,319
4216,813
2826,1500
452,2489
4536,2844
4313,170
4280,2867
2130,1635
1854,3623
931,2784
3579,3106
3141,4850
3964,2246
145,897
2781,3736
2902,3019
3741,665
3834,4905
1013,1952
1757,531
778,88
3148,2607
3370,3699
1014,1549
3681,4998
602,3228
3673,1772
179,776
3848,3781
2898,1143
4652,4017
3667,2093
88,4922
2999,3833
3748,2129
1344,664
4219,431
3645,434
4775,4118
698,3221
1383,1538
4220,53
2552,2951
3908,2212
3116,1244
1918,2835
1813,1954
1031,2542
4464,3807
1964,1129
2718,1425
530,1760
257,2516
2774,3815
2825,1242
1759,5000
3686,115
4988,3198
2203,2161
192,330
1657,4693
918,4639
1306,169
2475,2943
4261,336
743,2962
2294,1032
2580,1323
2097,2519
1547,2431
3042,1613
3305,3838
2096,860
2758,2324
342,2005
4303,2935
3933,4164
380,2491
43,1022
3438,2520
389,4963
2283,2433
1878,2266
4807,3958
691,180
4117,2956
2713,108
3946,2169
525,1479
3028,2468
1016,1607
2603,866
1432,4182
3012,4715
2317,552
2472,250
2589,483
2753,593
610,4920
2452,4236
4574,2941
3630,843
4763,684
4656,2121
4854,4513
3603,646
1364,2852
3233,250
1238,1531
1358,2809
956,1105
2475,1678
2929,3770
3460,3534
3207,4100
4919,4996
3639,4978
311,4579
2345,3720
1813,1529
3618,216
1900,2432
2268,1662
924,4261
1662,2906
2839,1790
2004,3889
1696,4758
3535,644
2835,2993
3312,2501
1553,4199
486,4255
4327,291
659,616
1939,1998
1077,1032
4323,366
1631,3927
407,2621
4282,4377
2159,3205
3842,4212
743,3891
3035,1011
4413,3840
2495,3840
4538,1234
4350,1562
3472,1591
2209,1016
4375,2466
4549,1438
4604,1338
3268,1585
3920,2666
1313,4746
2147,1810
487,3354
1723,2266
3769,1724
1900,740
3196,1417
363,1942
4585,261
4371,2349
3018,3340
3488,1214
1913,3740
4695,1250
1803,4662
3810,1142
2939,2813
3030,1468
1217,3793
4481,2746
300,2742
48,1153
3112,165
1136,455
521,1629
3883,4712
1156,3044
1805,3553
1711,1337
1728,2593
1824,4070
3030,4881
4606,7
3137,3915
1296,2507
1295,1012
3192,2774
1156,3275
4262,2469
3581,2600
3551,4855
970,3231
3244,450
1607,1813
2580,1424
1693,952
63,53
2277,1970
1694,2619
3715,2646
4960,708
1924,4763
721,1162
2035,1419
852,4287
4005,2565
148,4026
919,3235
3213,3966
2862,124
4946,851
4662,1013
938,924
4802,4461
2674,2805
3847,846
1679,4828
3033,3693
1068,4479
4359,3654
797,4881
4306,4202
912,2837
1656,3754
2365,4003
2532,2085
1872,1252
783,1277
741,444
2222,2065
4535,180
448,3915
4295,1722
2244,1770
2874,4457
4332,326
2981,1091
4389,4444
4519,2202
3718,1101
3170,813
4875,56
4266,3342
4873,2377
1039,2916
2189,4866
2622,769
3269,1535
1114,4028
1833,4050
4258,4433
4328,1217
1827,3497
45,1721
4777,2787
3248,2496
1768,561
2143,2768
1194,4568
4580,4102
4867,1672
4250,1659
4860,3593
752,194
4584,3493
4003,3532
4699,495
3876,4919
769,3199
122,4414
4078,1627
3626,4331
119,3297
1539,1476
4817,4249
1659,3354
4230,859
118,3035
4901,369
2923,783
4838,2291
2692,746
939,3273
1757,3018
2894,249
1056,3035
2716,1415
4634,916
3928,31
980,3728
3654,2553
4975,2397
2952,1502
220,1277
3794,2772
4905,3047
470,3921
2419,2243
198,3869
261,1031
3737,3673
4681,2129
3316,2075
255,4447
4870,3528
1784,3449
1721,3975
3096,3186
1148,3823
3341,3429
3781,110
2934,3027
2177,4924
4717,2406
2244,3602
1619,4577
2054,1744
146,4293
3885,2950
214,2660
3049,1703
3880,2617
2918,243
1499,1689
4861,3248
2091,4857
4130,2826
4774,4829
3617,1623
2653,3229
1677,2072
3757,1
2063,797
3908,3490
380,2728
3756,4821
984,2223
1034,3176
3989,3812
3819,152
4413,3815
3938,4923
3494,1800
4875,1605
3874,3362
2073,4341
2865,958
3077,3993
1767,3774
4989,1191
1044,1515
4315,4096
1444,2454
3206,4740
51,2370
3026,4770
1752,1001
525,1356
3973,2339
2750,4676
4324,1207
2372,2077
1826,2719
2414,1457
43,807
437,3966
974,2354
264,577
850,1371
3478,4535
2426,449
165,4252
3437,555
4179,102
826,3066
1373,1875
2693,2584
73,3568
1117,1439
2395,1630
300,4338
2182,1675
2171,307
2874,2613
2499,3281
4002,696
1830,1325
2893,4891
3047,1372
4729,1273
1047,4444
1948,2776
1811,939
1723,4043
1484,1840
735,3973
1877,2555
3246,354
592,4507
921,3964
3332,1673
70,2167
1319,4485
399,3528
4024,1624
391,3719
3789,4813
4665,1283
90,3590
1568,2062
270,768
944,2463
906,4995
285,1919
2110,3841
2392,3369
2325,1399
1649,3209
2268,2042
3922,2242
2879,371
4697,2483
949,406
3870,3200
3872,2808
3377,1996
1202,4977
3811,868
44,2001
1798,675
990,1910
3217,838
399,1418
4527,4537
1854,3441
394,1682
4540,897
1300,3643
3071,2482
728,2236
2903,4155
2878,1242
4445,3126
146,2708
4894,46
4102,4131
1443,2635
2583,888
565,3289
770,1149
1930,4891
4309,4147
4407,2042
2095,3151
3564,3744
547,4464
4814,2799
1199,569
4622,4213
843,3762
3416,1656
3626,278
561,2512
4917,3121
4791,4604
2158,1498
4740,1968
4358,1840
378,3930
4050,2219
1838,673
4486,1465
1080,411
579,153
2460,2550
1107,1323
2195,3486
2447,1298
390,1063
3465,2618
2993,2913
1580,4450
660,1268
1395,2983
2738,4067
2596,3599
3195,914
1565,1804
3810,2703
4568,2692
924,4400
3594,212
2885,247
2287,2622
1865,3446
197,3435
2534,4900
4276,2380
3814,635
441,4230
4452,3138
3248,4557
2743,2374
2192,2485
3485,1304
2708,4199
793,1663
4528,4971
4458,1812
2419,3046
3083,1287
1636,2780
542,262
2723,1951
4046,177
3527,1323
3744,2147
436,2394
4747,3402
4900,4184
4029,1959
2186,3792
1343,2572
4043,1073
433,103
1501,1418
2019,2332
3306,720
1453,3248
1707,3295
3826,4829
2904,4932
2598,3395
89,1899
4400,1162
1661,1634
1067,4547
2248,1006
3869,1920
4397,713
2374,691
3858,982
3487,4956
805,266
1833,3144
4351,1472
1214,3473
500,440
2556,3691
2723,1212
4886,3420
4249,2021
3317,4600
3499,2900
917,4217
1390,2653
778,4405
3336,4280
1311,1079
5,2657
4938,1278
601,734
3406,4056
901,2531
415,3195
2186,2461
4153,3303
3301,1850
4670,1192
2479,359
867,1585
1194,2456
2203,2537
89,4682
1052,3747
2660,1173
469,2813
382,1038
1903,1970
2238,2692
4202,4712
1970,1890
3861,880
4231,2533
3283,1172
425,902
2826,3816
3991,1324
4377,627
4480,2656
3995,156
4997,4210
2449,3880
1611,2461
4197,4921
3625,4274
1459,4050
1061,520
436,3603
279,4197
3250,3887
191,99
4850,4940
1508,4160
4653,886
2716,489
3692,1999
1049,3843
3013,2946
1467,4186
4668,4131
2713,4060
222,3173
794,3591
3687,3733
2153,2390
1482,3067
4946,4101
4338,4837
284,1936
2393,2949
2426,2816
611,1523
541,113
3281,1976
728,667
1344,4956
4424,2346
2667,3033
3876,1975
644,3574
1369,1989
1658,575
3569,2768
2032,2041
3576,2106
1688,1090
3574,291
1214,1312
3115,1948
3385,2623
2588,2334
1297,1638
4679,2166
719,1303
297,3295
3546,4731
3421,3965
3221,2155
462,1439
2155,1499
3228,689
2249,140
1317,1733
207,420
2719,1991
4556,2444
4779,2655
1917,97
3713,321
103,4204
4106,1921
4949,775
928,4201
3278,1978
3150,3880
2947,2789
4703,2545
1207,291
3632,1542
3702,3100
3982,314
4191,2794
1646,4574
4177,4403
495,3733
1657,1135
3053,3263
734,3432
3263,2465
2070,1411
4093,3729
609,4479
351,1583
4801,739
3046,4062
4457,4642
3915,123
4340,4816
2354,4772
3274,2903
4482,3288
3488,1276
180,3299
3104,2676
613,195
2544,535
1616,465
4048,4980
1730,1686
2900,78
4914,3195
3014,1154
221,1837
4241,114
4489,2620
203,940
1977,2935
3452,3503
491,2611
2759,196
2202,98
2132,3800
3968,527
2953,2394
3834,1005
3639,447
3185,2576
2491,2117
2357,788
56,4459
2509,3109
207,2250
1669,1217
3720,406
3592,627
347,3565
1321,927
4321,4521
65,1614
924,3853
3307,114
4833,3781
1978,310
322,949
2113,3389
3211,468
1997,4036
779,966
1043,4676
1735,4056
3841,1997
3589,1035
3367,3218
1856,2119
195,3702
1817,2923
4291,2591
2108,532
1130,4403
1639,646
1395,3146
3169,237
2367,1755
3355,888
1687,53
3615,1072
3968,4807
3646,1863
4341,4388
3872,4358
1609,1040
2960,2789
4706,1175
3186,429
3696,573
1045,857
1073,1201
2984,2497
186,4632
3110,1957
2585,3960
4208,2863
4295,787
2491,3612
4226,2089
3851,3745
731,2851
3122,2080
3823,1690
3503,3079
1058,2713
962,2252
2296,2409
1719,2541
80,4371
738,472
1575,2594
3227,3362
1644,3373
2753,1245
4991,4671
2251,941
2235,2843
2300,3740
3392,662
2036,4033
1418,3721
4021,4126
104,1394
1421,1165
4206,730
2410,2124
314,261
135,3755
1268,3284
2360,2769
784,337
1715,3176
3038,1297
3576,3496
1439,3794
4249,3837
1987,2525
1868,1025
4952,1826
1607,668
4602,611
1412,3394
840,4650
3333,1021
2715,4958
3932,4911
363,2017
4819,1192
3023,3441
4519,2574
4870,767
4365,1528
1589,4949
723,4083
1291,174
1406,477
1899,104
1271,1783
2375,3036
3909,4696
752,4276
1773,3890
3759,1710
2839,2065
3371,256
3711,3071
3189,2541
2201,3481
4316,2592
3231,3883
3564,1220
177,489
3203,2462
4794,3036
425,287
2945,736
78,2145
304,2778
1747,2594
3052,4633
1115,3453
916,3527
4595,94
1274,3180
522,4514
2107,3382
1017,663
3030,4484
3473,1461
928,3412
4552,2294
4922,3469
4330,3145
749,4680
3444,4227
4567,1389
132,1072
3211,3363
320,478
1602,2980
3669,1713
3557,1773
4370,663
540,3868
1236,693
3208,3548
1061,4474
1284,2475
3647,314
1162,1292
1460,287
639,3667
3440,1106
3453,4483
2564,2449
4403,706
49,3531
1167,456
1534,2731
2945,3658
4254,3083
642,736
1227,4174
2556,587
466,4058
1111,2398
58,497
1432,2023
3675,1188
3170,2764
2029,3382
2117,1600
4128,3314
4623,3113
3535,1205
3383,867
3937,2709
387,3054
918,71
85,260
1367,3795
916,3063
2287,3984
3681,2954
605,1738
226,303
3010,3343
2961,1323
2967,3993
3201,4249
706,3403
3251,27
3262,4620
1378,1501
4135,4718
2992,919
2644,2769
4958,4383
2596,3731
135,3955
194,2532
2307,2727
4100,3852
2862,1758
234,2203
3146,2061
3694,4024
3564,1286
1456,4141
4646,245
4945,1520
2607,221
3060,957
184,2368
2825,1799
2726,1894
3631,7
417,2311
2155,670
1626,4164
3555,3131
1498,3046
1328,985
797,2568
1035,527
2175,1959
1498,3585
2669,1409
4321,4134
365,1828
1300,2255
2216,3438
26,626
2764,4655
536,3641
1397,4338
638,1727
2093,3334
3735,224
3345,3855
3799,4222
689,1576
2818,1710
69,931
3569,382
4726,4500
560,4844
4421,3821
774,795
712,3537
3111,1018
303,1758
845,1950
3113,2789
1451,1385
305,3859
1557,2695
716,4653
1275,1018
1543,3441
423,273
2510,587
3761,1166
295,2418
2860,4888
2999,4413
2296,3303
2238,2163
3969,660
491,1189
1776,4977
1624,4164
158,430
1510,662
2235,1687
3198,2163
4431,4990
2888,2471
1043,3328
2872,2175
2891,1605
2408,3180
4252,4099
3406,1249
3520,2297
786,1147
4711,1782
4108,28
4274,2686
2880,4856
2315,221
2380,729
1232,877
771,4315
1441,146
4379,1345
4024,3475
1325,2888
3298,3120
2021,1692
4639,1856
3402,4479
4761,4474
4549,2559
2290,506
3620,389
4487,1805
509,1922
1282,4357
1407,2018
2255,45
1143,2950
3419,3392
1087,3222
84,4143
4481,1668
51,981
216,2625
2075,1200
3925,1169
2902,3321
3345,1154
756,3873
4389,1309
2923,1334
1871,2424
1535,2880
1627,4035
3863,3976
2239,3039
514,2676
590,4970
3767,3805
438,509
4305,4124
2237,4395
1981,3312
2192,728
1938,456
351,980
4070,3946
3980,3014
3783,2178
2953,2957
1299,1273
3113,2692
3336,118
481,1559
571,1192
1278,2221
2304,3027
3474,1345
2807,350
4604,4992
3290,1172
4050,4588
3742,4063
3502,3434
4408,4179
2358,4426
925,2867
950,4265
4296,19
243,481
1473,1218
3432,336
3511,1108
388,3656
4133,319
4664,2963
2351,1540
2905,270
4025,1523
1117,4897
1824,821
4782,602
4263,3467
3015,19
138,3263
986,114
4130,3601
316,1418
2752,1023
3686,3924
1307,4739
452,2563
2634,4492
2780,3312
609,649
396,426
3484,284
3730,3533
210,213
1909,1222
2071,3863
2531,2341
3030,1314
4316,3708
3130,4565
2794,1212
2779,3013
1294,4821
2589,4000
2567,1802
322,1826
2283,196
2556,2980
102,2821
2768,1253
3167,1098
1647,577
4526,2106
2990,4801
1949,60
3016,3090
1819,903
3199,293
2793,481
324,4810
3287,1822
2962,2076
3231,3377
1140,2681
2109,4583
3324,1914
4973,125
1891,4842
1288,3582
1607,4882
2342,4538
3811,3043
1329,2772
458,4741
3329,829
1167,4353
669,4467
2737,3020
3222,3013
3793,2320
1553,2968
2036,97
104,2413
4164,3330
13,912
3211,1419
417,2339
3027,3290
1825,1553
3135,2824
3037,2675
1107,3409
4775,179
2675,3378
1581,444
3398,2038
42,4159
2104,1429
4792,2970
340,1303
3368,2548
420,377
2213,1682
2006,2223
1172,4527
4799,3868
3919,2935
3063,1460
257,4082
2010,636
1001,1144
3764,4792
2332,3393
3043,3308
1470,1083
2153,3291
4537,4928
340,1041
2920,1262
4060,2824
3270,4937
2828,1714
3984,487
1229,3735
3144,4455
805,926
2534,3533
4609,1640
4436,153
396,1290
4004,1991
1858,1460
2635,2694
2713,2830
2467,4181
484,4313
548,1346
3752,506
1428,3215
2542,3857
2337,1582
4969,3649
54,382
4789,2152
1155,2256
3130,2593
1756,2469
465,4506
2479,1729
1941,520
2917,4955
2335,3958
4303,1322
4855,3714
1839,4666
1101,1691
3601,2511
1136,1394
3228,3072
1758,2006
1774,4599
3948,526
2452,1989
3650,3575
3535,525
2160,1441
972,3440
1685,992
2519,2394
1495,1812
1405,236
600,1226
1800,24
4610,4102
4279,432
2821,3497
1320,4426
3835,1884
4434,2747
2978,3644
3392,1773
4570,3513
1081,3165
386,2422
1222,2477
4116,1591
4364,4716
1479,2872
1162,3218
4165,2461
442,1837
19,4137
4329,1146
2349,569
4346,4619
2046,2763
2707,4848
3596,817
3214,3899
1817,2566
793,2181
797,3006
2193,1620
4461,1900
1302,1066
3981,4002
4970,1461
2708,287
4819,4898
238,1664
4020,221
1226,2159
2357,1697
4223,863
2252,343
4580,152
1942,3491
3415,2891
3455,103
1478,3719
782,3973
2752,4579
4886,1777
906,4206
1713,4917
3070,1469
4373,1965
742,2392
3631,1427
3718,2243
3518,1672
1571,3875
1338,2799
1806,3887
2170,1461
2389,801
126,310
1573,1050
109,4975
4572,437
953,1872
2878,4782
429,2081
2432,3226
2065,3921
2194,3923
2404,569
2536,4534
3485,1082
4089,2696
4104,2180
1451,15
1997,4752
3041,1185
366,3536
1865,3646
4570,4414
2562,3843
4122,1454
500,681
839,72
1021,4108
2491,633
4490,3776
3617,2735
3120,4336
3693,759
1640,701
2467,841
3106,2221
2680,404
170,4480
2549,2231
2175,1874
4594,794
878,4649
1316,4743
2694,4622
1693,4722
1827,4884
221,1272
171,1940
4739,1090
4049,832
2479,2366
2343,4400
697,3256
4333,391
1087,2563
4336,4055
4714,4998
3907,4005
4884,4325
4201,4645
1768,3558
2800,2691
1029,3820
723,879
1788,1516
3213,2506
2851,4013
4111,3193
562,4909
2046,907
859,4067
4144,3864
4765,4830
4685,3928
1274,1995
2525,99
2316,117
1475,3124
920,2224
2111,3510
387,3938
4211,2989
4216,409
3767,305
2695,2709
1451,4022
4231,2576
3709,1260
4564,4586
622,4046
4228,2668
3531,1955
706,2219
2394,4478
713,981
4545,3431
2472,2924
2027,2229
2448,4538
1479,3440
1072,2765
730,4221
211,2948
1411,3212
4421,1631
4076,2278
4139,3742
1882,2572
86,2707
3494,3989
3411,2532
4799,3458
616,1505
777,128
1119,3189
1519,4086
1605,1882
2978,3458
2600,303
1099,3369
4908,158
3491,4446
2258,2986
4997,2696
3533,4088
4344,2198
1823,4586
3885,17
3542,959
2633,3887
2196,2846
3344,1369
454,329
12,4426
2887,3298
3069,3561
4235,4047
1948,2081
2452,4605
143,3829
2295,3123
1498,1700
3222,1499
4199,3763
1324,3984
802,2831
4408,2022
10,1651
2264,3562
1614,391
3617,1319
4468,1502
3598,2797
1248,2326
1647,501
1387,931
3795,1702
4285,4798
3424,2480
479,3974
343,3182
709,2033
833,3640
145,2965
3094,2936
2230,2268
1990,49
2010,2541
325,125
2266,2145
4064,1481
972,350
4067,1855
4611,599
3502,1590
1965,167
2875,2508
4815,1112
1962,2638
2122,721
2410,358
128,1453
2891,3459
1571,2742
4711,2472
3723,2220
762,353
1715,2736
834,323
4431,1807
1309,281
3479,1848
4267,1697
2929,3885
606,468
3664,549
755,3909
4734,4314
3560,2073
3199,1223
575,4667
2718,2593
3364,3894
430,2975
1630,85
1799,3286
4649,3366
3752,4247
1284,3807
493,3227
287,3055
4799,4024
653,2558
92,4776
2948,4939
2616,69
1390,659
733,1492
3139,71
3610,2104
1505,3458
2117,1255
3112,627
2210,3023
3578,1541
378,641
3341,1685
4934,2030
3539,1821
2216,2885
3522,4477
1129,3396
2637,3374
4948,1088
3442,1996
4681,846
1652,2863
3189,2373
4817,3944
2391,4879
3084,2436
2242,785
2249,45
154,4671
4506,1451
211,3999
1442,3469
4956,3344
1833,4621
2862,1385
2117,2248
1382,3021
392,4057
2233,1466
363,4598
2124,3826
3270,4995
1722,528
2713,4431
4012,4322
1330,581
2491,3335
1610,2845
2617,3885
324,4664
3633,2420
4746,4812
895,3172
2126,1165
4262,3900
4237,4076
3898,30
1584,1796
2635,898
4280,817
1484,2071
902,1130
3331,4131
272,1495
2164,1284
1233,3746
711,67
1889,4622
2981,4469
3005,796
2981,4542
745,2424
3180,1218
1070,445
3551,3906
918,2475
2669,2072
1724,4894
4333,2341
953,2502
3748,3567
4692,3305
3829,73
3338,4105
10,917
3141,1511
103,4968
1466,1217
3252,4103
4262,2697
4940,3390
322,2260
2733,1383
1313,1641
1217,947
3786,2886
2903,992
1968,253
3944,1954
2961,3521
4192,1029
2426,2078
4717,985
595,2651
1025,294
2378,2106
324,1360
2176,3512
3545,2175
4292,2093
800,767
2633,4649
2011,17
4357,4404
3718,651
2012,2061
1663,542
2116,4740
4273,1362
2006,4
2422,3709
2404,3214
2965,4215
4451,4166
2749,815
64,373
2342,3800
2292,538
5000,2322
1440,3187
3671,3140
76,3830
3344,1007
342,2423
1633,2113
1167,4672
3898,3007
2872,3079
2947,710
4266,3308
2346,4044
519,4344
2739,4996
4935,485
4315,174
581,236
3419,2596
2357,792
291,4770
4436,1635
273,4480
781,1321
4244,858
1841,3218
3264,3430
974,1848
4985,1038
1445,107
3566,477
1490,3940
1389,2295
4128,404
3754,3023
3874,471
2780,2810
830,4791
3839,475
244,552
2090,730
568,801
1128,708
1451,1568
3321,3357
259,2905
602,3617
4434,2710
451,3667
4959,14
